time,entry_time,side,mode,pattern,pattern_key
2026-05-04 12:00:00,2026-05-04 12:05:00,long,inverse_head_shoulders_right_shoulder_entry,inverse_head_shoulders,"('inverse_head_shoulders', 78, 81, 100, 112, 120)"
2026-05-04 16:10:00,2026-05-04 16:15:00,long,inverse_head_shoulders_right_shoulder_entry,inverse_head_shoulders,"('inverse_head_shoulders', 78, 81, 100, 125, 128)"
2026-05-04 16:15:00,2026-05-04 16:20:00,long,inverse_head_shoulders_right_shoulder_entry,inverse_head_shoulders,"('inverse_head_shoulders', 78, 81, 100, 130, 132)"
2026-05-05 12:05:00,2026-05-05 12:10:00,long,inverse_head_shoulders_right_shoulder_entry,inverse_head_shoulders,"('inverse_head_shoulders', 152, 154, 177, 195, 218)"
2026-05-06 10:00:00,2026-05-06 10:05:00,long,inverse_head_shoulders_right_shoulder_entry,inverse_head_shoulders,"('inverse_head_shoulders', 152, 154, 177, 195, 229)"
2026-05-06 10:05:00,2026-05-06 10:10:00,long,inverse_head_shoulders_right_shoulder_entry,inverse_head_shoulders,"('inverse_head_shoulders', 152, 154, 177, 195, 240)"
2026-05-06 10:10:00,2026-05-06 10:15:00,long,inverse_head_shoulders_right_shoulder_entry,inverse_head_shoulders,"('inverse_head_shoulders', 198, 200, 206, 245, 252)"
2026-05-06 10:15:00,2026-05-06 10:20:00,long,inverse_head_shoulders_right_shoulder_entry,inverse_head_shoulders,"('inverse_head_shoulders', 198, 200, 206, 245, 265)"
2026-05-06 12:20:00,2026-05-06 12:25:00,long,inverse_head_shoulders_right_shoulder_entry,inverse_head_shoulders,"('inverse_head_shoulders', 261, 263, 296, 314, 318)"
2026-05-06 13:15:00,2026-05-06 13:20:00,long,inverse_head_shoulders_right_shoulder_entry,inverse_head_shoulders,"('inverse_head_shoulders', 261, 263, 296, 314, 324)"
2026-05-08 10:20:00,2026-05-08 10:25:00,long,inverse_head_shoulders_right_shoulder_entry,inverse_head_shoulders,"('inverse_head_shoulders', 430, 432, 484, 486, 488)"
2026-05-08 15:30:00,2026-05-08 15:35:00,long,inverse_head_shoulders_right_shoulder_entry,inverse_head_shoulders,"('inverse_head_shoulders', 430, 432, 484, 491, 550)"
2026-05-11 10:35:00,2026-05-11 10:40:00,long,inverse_head_shoulders_right_shoulder_entry,inverse_head_shoulders,"('inverse_head_shoulders', 571, 577, 581, 583, 588)"
2026-05-11 17:45:00,2026-05-11 17:50:00,long,inverse_head_shoulders_right_shoulder_entry,inverse_head_shoulders,"('inverse_head_shoulders', 571, 577, 581, 594, 606)"
2026-05-11 17:50:00,2026-05-11 17:55:00,long,inverse_head_shoulders_right_shoulder_entry,inverse_head_shoulders,"('inverse_head_shoulders', 571, 577, 581, 619, 621)"
2026-05-11 17:55:00,2026-05-12 09:55:00,long,inverse_head_shoulders_right_shoulder_entry,inverse_head_shoulders,"('inverse_head_shoulders', 571, 577, 581, 623, 636)"
2026-05-12 11:10:00,2026-05-12 11:15:00,long,inverse_head_shoulders_right_shoulder_entry,inverse_head_shoulders,"('inverse_head_shoulders', 668, 671, 678, 688, 692)"
2026-05-15 10:20:00,2026-05-15 10:25:00,long,inverse_head_shoulders_right_shoulder_entry,inverse_head_shoulders,"('inverse_head_shoulders', 955, 960, 962, 971, 973)"
2026-05-15 15:45:00,2026-05-15 15:50:00,long,inverse_head_shoulders_right_shoulder_entry,inverse_head_shoulders,"('inverse_head_shoulders', 955, 960, 962, 976, 980)"
2026-05-15 15:50:00,2026-05-15 15:55:00,long,inverse_head_shoulders_right_shoulder_entry,inverse_head_shoulders,"('inverse_head_shoulders', 955, 960, 962, 988, 994)"
2026-05-15 15:55:00,2026-05-15 16:00:00,long,inverse_head_shoulders_right_shoulder_entry,inverse_head_shoulders,"('inverse_head_shoulders', 955, 960, 962, 997, 1004)"
2026-05-15 16:00:00,2026-05-15 16:05:00,long,inverse_head_shoulders_right_shoulder_entry,inverse_head_shoulders,"('inverse_head_shoulders', 955, 960, 962, 1017, 1019)"
2026-05-18 10:20:00,2026-05-18 10:25:00,long,inverse_head_shoulders_right_shoulder_entry,inverse_head_shoulders,"('inverse_head_shoulders', 1032, 1036, 1053, 1068, 1070)"
2026-05-20 14:10:00,2026-05-20 14:15:00,long,inverse_head_shoulders_right_shoulder_entry,inverse_head_shoulders,"('inverse_head_shoulders', 1167, 1169, 1207, 1211, 1213)"
2026-05-20 15:15:00,2026-05-20 15:20:00,long,inverse_head_shoulders_right_shoulder_entry,inverse_head_shoulders,"('inverse_head_shoulders', 1167, 1169, 1207, 1215, 1217)"
2026-05-20 16:40:00,2026-05-20 16:45:00,long,inverse_head_shoulders_right_shoulder_entry,inverse_head_shoulders,"('inverse_head_shoulders', 1167, 1169, 1207, 1238, 1240)"
2026-05-22 12:30:00,2026-05-22 12:35:00,long,bullish_pennant_bounce,bullish_pennant,"('bullish_pennant', 1344, 1357, 1369, 1373, 1377)"
2026-05-22 15:25:00,2026-05-22 15:30:00,long,inverse_head_shoulders_right_shoulder_entry,inverse_head_shoulders,"('inverse_head_shoulders', 1373, 1377, 1382, 1389, 1394)"
2026-05-22 15:30:00,2026-05-22 15:35:00,long,inverse_head_shoulders_right_shoulder_entry,inverse_head_shoulders,"('inverse_head_shoulders', 1373, 1377, 1382, 1405, 1415)"
2026-06-01 10:55:00,2026-06-01 11:00:00,long,inverse_head_shoulders_right_shoulder_entry,inverse_head_shoulders,"('inverse_head_shoulders', 1552, 1554, 1561, 1585, 1591)"
2026-06-02 11:10:00,2026-06-02 11:15:00,long,inverse_head_shoulders_right_shoulder_entry,inverse_head_shoulders,"('inverse_head_shoulders', 1552, 1554, 1561, 1602, 1605)"
2026-06-03 09:55:00,2026-06-03 10:00:00,long,inverse_head_shoulders_right_shoulder_entry,inverse_head_shoulders,"('inverse_head_shoulders', 1617, 1619, 1627, 1630, 1634)"
2026-06-03 16:45:00,2026-06-03 16:50:00,long,inverse_head_shoulders_right_shoulder_entry,inverse_head_shoulders,"('inverse_head_shoulders', 1617, 1619, 1627, 1640, 1643)"
2026-06-03 16:50:00,2026-06-03 16:55:00,long,inverse_head_shoulders_right_shoulder_entry,inverse_head_shoulders,"('inverse_head_shoulders', 1617, 1619, 1627, 1658, 1660)"
2026-06-03 16:55:00,2026-06-03 17:00:00,long,inverse_head_shoulders_right_shoulder_entry,inverse_head_shoulders,"('inverse_head_shoulders', 1617, 1619, 1627, 1663, 1665)"
2026-06-03 17:00:00,2026-06-03 17:05:00,long,inverse_head_shoulders_right_shoulder_entry,inverse_head_shoulders,"('inverse_head_shoulders', 1617, 1619, 1627, 1667, 1672)"
2026-06-03 17:05:00,2026-06-03 17:10:00,long,inverse_head_shoulders_right_shoulder_entry,inverse_head_shoulders,"('inverse_head_shoulders', 1617, 1619, 1627, 1683, 1685)"
2026-06-03 17:10:00,2026-06-03 17:15:00,long,inverse_head_shoulders_right_shoulder_entry,inverse_head_shoulders,"('inverse_head_shoulders', 1665, 1667, 1680, 1693, 1697)"
2026-06-03 17:15:00,2026-06-03 17:20:00,long,inverse_head_shoulders_right_shoulder_entry,inverse_head_shoulders,"('inverse_head_shoulders', 1665, 1667, 1680, 1693, 1723)"
2026-06-03 17:20:00,2026-06-03 17:25:00,long,inverse_head_shoulders_right_shoulder_entry,inverse_head_shoulders,"('inverse_head_shoulders', 1665, 1667, 1680, 1693, 1733)"
2026-06-03 17:25:00,2026-06-03 17:30:00,long,inverse_head_shoulders_right_shoulder_entry,inverse_head_shoulders,"('inverse_head_shoulders', 1703, 1706, 1710, 1744, 1750)"
2026-06-03 17:30:00,2026-06-03 17:35:00,long,inverse_head_shoulders_right_shoulder_entry,inverse_head_shoulders,"('inverse_head_shoulders', 1703, 1706, 1710, 1757, 1762)"
2026-06-03 17:35:00,2026-06-03 17:40:00,long,inverse_head_shoulders_right_shoulder_entry,inverse_head_shoulders,"('inverse_head_shoulders', 1703, 1706, 1710, 1769, 1771)"
2026-06-03 17:40:00,2026-06-03 17:45:00,long,inverse_head_shoulders_right_shoulder_entry,inverse_head_shoulders,"('inverse_head_shoulders', 1703, 1706, 1710, 1776, 1778)"
2026-06-04 15:25:00,2026-06-04 15:30:00,long,inverse_head_shoulders_right_shoulder_entry,inverse_head_shoulders,"('inverse_head_shoulders', 1916, 1919, 1927, 1932, 1934)"
2026-06-05 12:45:00,2026-06-05 12:50:00,long,inverse_head_shoulders_right_shoulder_entry,inverse_head_shoulders,"('inverse_head_shoulders', 1916, 1919, 1927, 1939, 1946)"
2026-06-08 09:55:00,2026-06-08 10:00:00,long,inverse_head_shoulders_right_shoulder_entry,inverse_head_shoulders,"('inverse_head_shoulders', 1946, 1948, 1953, 1957, 1962)"
2026-06-09 13:40:00,2026-06-09 13:45:00,long,inverse_head_shoulders_right_shoulder_entry,inverse_head_shoulders,"('inverse_head_shoulders', 1946, 1948, 1953, 1976, 1978)"
2026-06-09 13:45:00,2026-06-09 13:50:00,long,inverse_head_shoulders_right_shoulder_entry,inverse_head_shoulders,"('inverse_head_shoulders', 1978, 1980, 1985, 1988, 1993)"
2026-06-09 13:50:00,2026-06-09 13:55:00,long,inverse_head_shoulders_right_shoulder_entry,inverse_head_shoulders,"('inverse_head_shoulders', 1978, 1980, 1985, 1995, 2000)"
2026-06-09 13:55:00,2026-06-09 14:00:00,long,inverse_head_shoulders_right_shoulder_entry,inverse_head_shoulders,"('inverse_head_shoulders', 1978, 1980, 1985, 2005, 2012)"
2026-06-09 14:00:00,2026-06-09 14:05:00,long,inverse_head_shoulders_right_shoulder_entry,inverse_head_shoulders,"('inverse_head_shoulders', 1978, 1980, 1985, 2023, 2025)"
2026-06-09 14:05:00,2026-06-09 14:10:00,long,inverse_head_shoulders_right_shoulder_entry,inverse_head_shoulders,"('inverse_head_shoulders', 1978, 1980, 1985, 2035, 2041)"
2026-06-09 14:10:00,2026-06-09 14:15:00,long,inverse_head_shoulders_right_shoulder_entry,inverse_head_shoulders,"('inverse_head_shoulders', 1978, 1980, 1985, 2047, 2054)"
2026-06-09 14:15:00,2026-06-09 14:20:00,long,inverse_head_shoulders_right_shoulder_entry,inverse_head_shoulders,"('inverse_head_shoulders', 2096, 2098, 2102, 2117, 2133)"
2026-06-09 14:20:00,2026-06-09 14:25:00,long,inverse_head_shoulders_right_shoulder_entry,inverse_head_shoulders,"('inverse_head_shoulders', 2096, 2098, 2102, 2117, 2141)"
2026-06-10 11:10:00,2026-06-10 11:15:00,long,inverse_head_shoulders_right_shoulder_entry,inverse_head_shoulders,"('inverse_head_shoulders', 2229, 2232, 2257, 2269, 2272)"
2026-06-10 13:25:00,2026-06-10 13:30:00,long,inverse_head_shoulders_right_shoulder_entry,inverse_head_shoulders,"('inverse_head_shoulders', 2229, 2232, 2257, 2294, 2299)"
2026-06-11 10:00:00,2026-06-11 10:05:00,long,inverse_head_shoulders_right_shoulder_entry,inverse_head_shoulders,"('inverse_head_shoulders', 2281, 2283, 2288, 2310, 2315)"
2026-06-11 11:50:00,2026-06-11 11:55:00,long,inverse_head_shoulders_right_shoulder_entry,inverse_head_shoulders,"('inverse_head_shoulders', 2281, 2283, 2288, 2321, 2323)"
2026-06-11 11:55:00,2026-06-11 12:00:00,long,inverse_head_shoulders_right_shoulder_entry,inverse_head_shoulders,"('inverse_head_shoulders', 2281, 2283, 2288, 2327, 2333)"
2026-06-11 12:00:00,2026-06-11 12:05:00,long,inverse_head_shoulders_right_shoulder_entry,inverse_head_shoulders,"('inverse_head_shoulders', 2281, 2283, 2288, 2335, 2339)"
2026-06-11 12:05:00,2026-06-11 12:10:00,long,inverse_head_shoulders_right_shoulder_entry,inverse_head_shoulders,"('inverse_head_shoulders', 2333, 2335, 2350, 2357, 2360)"
2026-06-11 16:30:00,2026-06-11 16:35:00,long,inverse_head_shoulders_right_shoulder_entry,inverse_head_shoulders,"('inverse_head_shoulders', 2385, 2391, 2421, 2424, 2433)"
2026-06-12 09:55:00,2026-06-12 10:00:00,long,inverse_head_shoulders_right_shoulder_entry,inverse_head_shoulders,"('inverse_head_shoulders', 2385, 2391, 2421, 2435, 2437)"
2026-06-12 13:05:00,2026-06-12 13:10:00,long,inverse_head_shoulders_right_shoulder_entry,inverse_head_shoulders,"('inverse_head_shoulders', 2433, 2435, 2461, 2487, 2489)"
2026-06-12 16:55:00,2026-06-12 17:00:00,long,inverse_head_shoulders_right_shoulder_entry,inverse_head_shoulders,"('inverse_head_shoulders', 2489, 2491, 2513, 2523, 2535)"
2026-06-15 10:50:00,2026-06-15 10:55:00,long,inverse_head_shoulders_right_shoulder_entry,inverse_head_shoulders,"('inverse_head_shoulders', 2535, 2538, 2551, 2555, 2559)"
2026-06-15 14:25:00,2026-06-15 14:30:00,long,inverse_head_shoulders_right_shoulder_entry,inverse_head_shoulders,"('inverse_head_shoulders', 2570, 2573, 2587, 2600, 2602)"
2026-06-15 16:55:00,2026-06-15 17:00:00,long,inverse_head_shoulders_right_shoulder_entry,inverse_head_shoulders,"('inverse_head_shoulders', 2570, 2573, 2587, 2609, 2612)"
2026-06-15 17:00:00,2026-06-15 17:05:00,long,inverse_head_shoulders_right_shoulder_entry,inverse_head_shoulders,"('inverse_head_shoulders', 2570, 2573, 2587, 2616, 2618)"
2026-06-16 16:50:00,2026-06-16 16:55:00,long,inverse_head_shoulders_right_shoulder_entry,inverse_head_shoulders,"('inverse_head_shoulders', 2700, 2702, 2705, 2709, 2728)"
2026-06-17 10:40:00,2026-06-17 10:45:00,long,inverse_head_shoulders_right_shoulder_entry,inverse_head_shoulders,"('inverse_head_shoulders', 2700, 2702, 2713, 2730, 2751)"
2026-06-17 11:15:00,2026-06-17 11:20:00,long,inverse_head_shoulders_right_shoulder_entry,inverse_head_shoulders,"('inverse_head_shoulders', 2713, 2726, 2741, 2754, 2758)"
2026-06-18 10:00:00,2026-06-18 10:05:00,long,inverse_head_shoulders_right_shoulder_entry,inverse_head_shoulders,"('inverse_head_shoulders', 2713, 2726, 2741, 2760, 2763)"
2026-06-18 14:50:00,2026-06-18 14:55:00,long,bullish_pennant_bounce,bullish_pennant,"('bullish_pennant', 2883, 2885, 2888, 2892, 2897)"
2026-06-19 09:55:00,2026-06-19 10:00:00,long,inverse_head_shoulders_right_shoulder_entry,inverse_head_shoulders,"('inverse_head_shoulders', 2880, 2883, 2901, 2933, 2936)"
2026-06-22 15:55:00,2026-06-22 16:00:00,long,inverse_head_shoulders_right_shoulder_entry,inverse_head_shoulders,"('inverse_head_shoulders', 2880, 2883, 2901, 2939, 2941)"
2026-06-22 16:00:00,2026-06-22 16:05:00,long,inverse_head_shoulders_right_shoulder_entry,inverse_head_shoulders,"('inverse_head_shoulders', 2961, 2964, 3015, 3022, 3024)"
2026-06-22 16:05:00,2026-06-22 16:10:00,long,inverse_head_shoulders_right_shoulder_entry,inverse_head_shoulders,"('inverse_head_shoulders', 3038, 3041, 3045, 3052, 3059)"
2026-06-23 14:25:00,2026-06-23 14:30:00,long,inverse_head_shoulders_right_shoulder_entry,inverse_head_shoulders,"('inverse_head_shoulders', 3133, 3135, 3165, 3182, 3184)"
2026-06-23 16:55:00,2026-06-23 17:00:00,long,inverse_head_shoulders_right_shoulder_entry,inverse_head_shoulders,"('inverse_head_shoulders', 3133, 3135, 3165, 3186, 3189)"
2026-06-24 13:30:00,2026-06-24 13:35:00,long,inverse_head_shoulders_right_shoulder_entry,inverse_head_shoulders,"('inverse_head_shoulders', 3249, 3251, 3254, 3268, 3270)"
2026-06-24 16:55:00,2026-06-24 17:00:00,long,inverse_head_shoulders_right_shoulder_entry,inverse_head_shoulders,"('inverse_head_shoulders', 3294, 3296, 3300, 3309, 3311)"
2026-06-25 09:55:00,2026-06-25 10:00:00,long,inverse_head_shoulders_right_shoulder_entry,inverse_head_shoulders,"('inverse_head_shoulders', 3294, 3296, 3300, 3319, 3322)"
2026-06-25 10:55:00,2026-06-25 11:00:00,long,inverse_head_shoulders_right_shoulder_entry,inverse_head_shoulders,"('inverse_head_shoulders', 3270, 3272, 3317, 3333, 3336)"
2026-06-25 15:50:00,2026-06-25 15:55:00,long,inverse_head_shoulders_right_shoulder_entry,inverse_head_shoulders,"('inverse_head_shoulders', 3375, 3377, 3381, 3393, 3395)"
2026-06-26 10:25:00,2026-06-26 10:30:00,long,inverse_head_shoulders_right_shoulder_entry,inverse_head_shoulders,"('inverse_head_shoulders', 3395, 3397, 3418, 3425, 3427)"
2026-06-26 15:15:00,2026-06-26 15:20:00,long,inverse_head_shoulders_right_shoulder_entry,inverse_head_shoulders,"('inverse_head_shoulders', 3395, 3397, 3418, 3432, 3437)"
2026-06-26 15:20:00,2026-06-26 15:25:00,long,inverse_head_shoulders_right_shoulder_entry,inverse_head_shoulders,"('inverse_head_shoulders', 3395, 3397, 3418, 3439, 3444)"
2026-06-26 16:25:00,2026-06-26 16:30:00,long,inverse_head_shoulders_right_shoulder_entry,inverse_head_shoulders,"('inverse_head_shoulders', 3461, 3463, 3487, 3497, 3499)"
2026-06-29 10:00:00,2026-06-29 10:05:00,long,inverse_head_shoulders_right_shoulder_entry,inverse_head_shoulders,"('inverse_head_shoulders', 3461, 3463, 3487, 3502, 3506)"
2026-06-29 14:50:00,2026-06-29 14:55:00,long,inverse_head_shoulders_right_shoulder_entry,inverse_head_shoulders,"('inverse_head_shoulders', 3444, 3446, 3513, 3522, 3528)"
2026-06-29 17:20:00,2026-06-29 17:25:00,long,inverse_head_shoulders_right_shoulder_entry,inverse_head_shoulders,"('inverse_head_shoulders', 3579, 3583, 3598, 3603, 3607)"
2026-06-30 10:25:00,2026-06-30 10:30:00,long,inverse_head_shoulders_right_shoulder_entry,inverse_head_shoulders,"('inverse_head_shoulders', 3579, 3583, 3598, 3618, 3620)"
2026-06-30 14:20:00,2026-06-30 14:25:00,long,inverse_head_shoulders_right_shoulder_entry,inverse_head_shoulders,"('inverse_head_shoulders', 3579, 3583, 3598, 3625, 3633)"
2026-07-01 10:40:00,2026-07-01 10:45:00,long,inverse_head_shoulders_right_shoulder_entry,inverse_head_shoulders,"('inverse_head_shoulders', 3579, 3583, 3598, 3639, 3641)"
2026-07-07 10:25:00,2026-07-07 10:30:00,long,inverse_head_shoulders_right_shoulder_entry,inverse_head_shoulders,"('inverse_head_shoulders', 3579, 3583, 3598, 3645, 3662)"
2026-07-20 10:25:00,2026-07-20 10:30:00,long,inverse_head_shoulders_right_shoulder_entry,inverse_head_shoulders,"('inverse_head_shoulders', 3954, 3956, 3973, 3979, 3982)"
