side,mode,entry_time,exit_time,entry_idx,exit_idx,entry,exit,stop,target,qty,leverage,risk_cash,risk_pct,stop_pct,pnl_per_unit,pnl_cash,pnl_pct_on_cash,exit_reason,pattern_key,tl_kind,setup_role,anchor0_idx,anchor0_price,anchor1_idx,anchor1_price,parallel0_idx,parallel0_price,low_anchor0_idx,low_anchor0_price,low_anchor1_idx,low_anchor1_price,low_slope,corrective_from_idx,corrective_from_price,corrective_to_idx,corrective_to_price,slope,breakout_idx
long,bounce,2026-04-30 14:30:00,2026-05-04 10:05:00,55,99,269.75,267.01445,267.01445,273.853325,182.77860028147978,0.4930452742592917,500.00000000000006,0.005000000000000001,0.010141056533827578,-2.7355499999999893,-500.00000000000006,-0.005000000000000001,stop,"('bearish_high_tl', 30, 34, 40)",bearish_high_tl,,30,273.75,40,272.25,34,270.5,,,,,,34,270.5,40,272.25,-0.15,
long,bounce,2026-05-04 11:50:00,2026-05-06 13:40:00,120,336,269.25,264.36535000000003,264.36535000000003,276.57697499999995,102.3614793281,0.27560828309090923,500.0000000000001,0.005000000000000001,0.018141689879294206,-4.884649999999965,-500.0000000000001,-0.005000000000000001,stop,"('bearish_high_tl', 40, 55, 60)",bearish_high_tl,,40,272.25,60,271.5,55,267.25,,,,,,55,267.25,60,271.5,-0.0375,
long,bounce,2026-05-06 15:20:00,2026-05-07 10:05:00,356,390,267.5,262.0670269230769,262.0670269230769,275.6494596153846,92.03064195620334,0.24618196723284394,500.00000000000006,0.005000000000000001,0.020310179726815238,-5.432973076923076,-500.00000000000006,-0.005000000000000001,stop,"('bearish_high_tl', 86, 100, 112)",bearish_high_tl,,86,271.75,112,271.5,100,265.0,,,,,,100,265.0,112,271.5,-0.009615384615384616,
long,bounce,2026-05-07 10:10:00,2026-05-13 12:35:00,391,808,263.0,253.34636744186048,253.34636744186048,277.4804488372093,51.79397465034257,0.13621815333040097,500.0,0.005,0.03670582721726053,-9.65363255813952,-500.0,-0.005,stop,"('bearish_high_tl', 313, 339, 356)",bearish_high_tl,,313,274.0,356,269.0,339,259.75,,,,,,339,259.75,356,269.0,-0.11627906976744186,
long,bounce,2026-05-13 12:40:00,2026-05-13 15:50:00,809,847,253.5,250.47156935483872,250.47156935483872,260.95585,165.10201440435247,0.4185336065150335,500.0,0.005,0.011946471973022798,-3.0284306451612792,-500.0,-0.005,stop,"('bearish_high_tl', 693, 714, 724)",bearish_high_tl,,693,262.5,724,260.25,714,257.75,,,,,,714,257.75,724,260.25,-0.07258064516129033,
long,bounce,2026-05-13 15:55:00,2026-05-15 10:00:00,848,971,250.5,255.9509,248.68546363636364,255.9509,275.55248272786935,0.6902589692333126,500.00000000000006,0.005000000000000001,0.007243658138268918,5.45089999999999,1502.0090281013404,0.015020090281013403,target,"('bearish_high_tl', 782, 799, 804)",bearish_high_tl,,782,256.75,804,254.75,799,253.5,,,,,,799,253.5,804,254.75,-0.09090909090909091,
long,bounce,2026-05-15 14:55:00,2026-05-15 15:05:00,1030,1032,257.0,256.03785,256.03785,258.46215,519.6694902042257,1.3355505898248599,500.0,0.005,0.0037437743190661802,-0.9621500000000083,-500.0,-0.005,stop,"('bearish_high_tl', 997, 1009, 1017)",bearish_high_tl,,997,258.5,1017,258.0,1009,257.0,,,,,,1009,257.0,1017,258.0,-0.025,
long,bounce,2026-05-15 16:50:00,2026-05-18 15:45:00,1053,1137,253.5,251.996825,251.996825,264.7063,332.62926804929594,0.8432151945049652,500.00000000000006,0.005000000000000001,0.005929684418145952,-1.5031749999999988,-500.00000000000006,-0.005000000000000001,stop,"('bearish_high_tl', 556, 569, 572)",bearish_high_tl,,556,261.5,572,261.25,569,260.0,,,,,,569,260.0,572,261.25,-0.015625,
long,bounce,2026-05-18 17:55:00,2026-05-20 10:05:00,1163,1166,253.25,250.31487027027026,250.31487027027026,257.6526945945946,170.35022163945004,0.4314119363019073,499.99999999999994,0.004999999999999999,0.011589850857767968,-2.935129729729738,-499.99999999999994,-0.004999999999999999,stop,"('bearish_high_tl', 1087, 1116, 1124)",bearish_high_tl,,1087,259.25,1124,256.25,1116,254.5,,,,,,1116,254.5,1124,256.25,-0.08108108108108109,
long,bounce,2026-05-20 10:10:00,2026-05-21 17:25:00,1167,1351,249.3000030517578,245.89216908541593,245.89216908541593,254.69874000549316,146.72076308245784,0.36577486684212973,500.0,0.005,0.013669610608205143,-3.407833966341883,-500.0,-0.005,stop,"('bearish_high_tl', 1124, 1143, 1146)",bearish_high_tl,,1124,256.25,1146,252.75,1143,250.0,,,,,,1143,250.0,1146,252.75,-0.1590909090909091,
long,bounce,2026-05-21 17:40:00,2026-05-25 09:55:00,1354,1452,243.8000030517578,238.2099886541418,238.2099886541418,254.68865999450685,89.44520790737783,0.21806741960783826,500.00000000000006,0.005000000000000001,0.022928688792630072,-5.590014397616017,-500.00000000000006,-0.005000000000000001,stop,"('bearish_high_tl', 1124, 1143, 1161)",bearish_high_tl,,1124,256.25,1161,254.25,1143,250.0,,,,,,1143,250.0,1161,254.25,-0.05405405405405406,
long,bounce,2026-05-25 10:05:00,2026-05-25 10:10:00,1454,1455,236.10000610351562,235.9502,235.9502,263.6748,3337.6477210612015,7.880186473139347,500.0,0.005,0.0006345027515583747,-0.14980610351562973,-500.0,-0.005,stop,"('bearish_high_tl', 880, 894, 906)",bearish_high_tl,,880,255.0,906,254.25,894,252.5,,,,,,894,252.5,906,254.25,-0.028846153846153848,
long,bounce,2026-05-25 12:25:00,2026-06-01 16:20:00,1482,1658,235.60000610351562,244.4239,232.15302307692306,244.4239,145.05438412160208,0.3417481378439115,500.00000000000006,0.005000000000000001,0.01463065762858283,8.823893896484378,1279.944494708905,0.01279944494708905,target,"('bearish_high_tl', 1405, 1408, 1418)",bearish_high_tl,,1405,244.8000030517578,1418,243.3000030517578,1408,241.0,,,,,,1408,241.0,1418,243.3000030517578,-0.11538461538461539,
long,bounce,2026-06-02 10:10:00,2026-06-02 16:10:00,1681,1753,238.6999969482422,245.72948306274415,237.0552596482099,245.72948306274415,303.9999153604554,0.7256477886880659,500.00000000000006,0.005000000000000001,0.006890395144784696,7.029486114501964,2136.963183836094,0.021369631838360936,target,"('bearish_high_tl', 1585, 1626, 1644)",bearish_high_tl,,1585,241.5,1644,240.5,1626,238.39999389648438,,,,,,1626,238.39999389648438,1644,240.5,-0.01694915254237288,
long,bounce,2026-06-03 12:35:00,2026-06-03 14:00:00,1807,1824,250.5,246.66534252544204,246.66534252544204,256.25198621183694,130.38974232180615,0.3266263045161244,500.0,0.005,0.015308013870490848,-3.8346574745579574,-500.0,-0.005,stop,"('bearish_high_tl', 1776, 1788, 1795)",bearish_high_tl,,1776,252.75,1795,251.5,1788,248.3000030517578,,,,,,1788,248.3000030517578,1795,251.5,-0.06578947368421052,
long,bounce,2026-06-03 14:05:00,2026-06-03 14:25:00,1825,1829,246.60000610351562,244.2877814814815,244.2877814814815,253.9437,216.2419668207383,0.5332527033783029,499.99999999999994,0.004999999999999999,0.009376417537733276,-2.3122246220341367,-499.99999999999994,-0.004999999999999999,stop,"('bearish_high_tl', 1211, 1228, 1238)",bearish_high_tl,,1211,252.25,1238,252.0,1228,250.25,,,,,,1228,250.25,1238,252.0,-0.009259259259259259,
long,bounce,2026-06-04 11:25:00,2026-06-04 14:00:00,1889,1920,231.39999389648438,227.63347695922852,227.63347695922852,253.16651998901366,132.74863974573844,0.3071803442693048,500.0,0.005,0.016277083131388457,-3.766516937255858,-500.0,-0.005,stop,"('bearish_high_tl', 1369, 1382, 1389)",bearish_high_tl,,1369,244.8000030517578,1389,244.3000030517578,1382,240.6999969482422,,,,,,1382,240.6999969482422,1389,244.3000030517578,-0.025,
long,bounce,2026-06-04 14:40:00,2026-06-05 15:25:00,1928,2034,228.3000030517578,240.2111230407715,222.4592503813567,240.2111230407715,85.60540536732952,0.19543714306608295,499.99999999999994,0.004999999999999999,0.02558367320335498,11.911119989013685,1019.6562550384181,0.01019656255038418,target,"('bearish_high_tl', 1845, 1865, 1872)",bearish_high_tl,,1845,245.3000030517578,1872,239.8000030517578,1865,235.5,,,,,,1865,235.5,1872,239.8000030517578,-0.2037037037037037,
long,bounce,2026-06-08 12:25:00,2026-06-08 12:55:00,2095,2101,239.5,238.3405055306571,238.3405055306571,251.43091998901366,431.22241047286855,1.0327776730825202,500.0,0.005,0.004841313024396194,-1.1594944693428886,-500.0,-0.005,stop,"('bearish_high_tl', 1795, 1802, 1809)",bearish_high_tl,,1795,251.5,1809,251.0,1802,249.1999969482422,,,,,,1802,249.1999969482422,1809,251.0,-0.03571428571428571,
long,bounce,2026-06-08 15:05:00,2026-06-09 10:35:00,2127,2170,238.1999969482422,234.22267258780343,234.22267258780343,244.16598348890034,125.71265370593076,0.29944753729108137,500.00000000000006,0.005000000000000001,0.016697415664967363,-3.9773243604387574,-500.00000000000006,-0.005000000000000001,stop,"('bearish_high_tl', 2082, 2102, 2117)",bearish_high_tl,,2082,244.6999969482422,2117,240.39999389648438,2102,237.60000610351562,,,,,,2102,237.60000610351562,2117,240.39999389648438,-0.12285723005022321,
long,bounce,2026-06-09 12:50:00,2026-06-09 16:55:00,2197,2246,232.89999389648438,229.25318959476866,229.25318959476866,238.37020034905794,137.10634260378714,0.3193206635559132,500.00000000000006,0.005000000000000001,0.015658241293628333,-3.6468043017157186,-500.00000000000006,-0.005000000000000001,stop,"('bearish_high_tl', 2152, 2176, 2181)",bearish_high_tl,,2152,239.5,2181,235.39999389648438,2176,232.5,,,,,,2176,232.5,2181,235.39999389648438,-0.14137952081088362,
long,bounce,2026-06-10 10:10:00,2026-06-11 15:15:00,2262,2420,233.8000030517578,230.7991538909912,230.7991538909912,239.92084000549318,166.61950441796486,0.3895564064140256,500.0,0.005,0.012835111726248792,-3.00084916076662,-500.0,-0.005,stop,"('bearish_high_tl', 2117, 2119, 2142)",bearish_high_tl,,2117,240.39999389648438,2142,239.39999389648438,2119,236.89999389648438,,,,,,2119,236.89999389648438,2142,239.39999389648438,-0.04,
long,bounce,2026-06-12 11:05:00,2026-06-15 10:00:00,2467,2551,231.6999969482422,230.12292718811034,230.12292718811034,236.31705389099122,317.04367976607335,0.7345901963425867,500.0,0.005,0.006806516102303356,-1.5770697601318489,-500.0,-0.005,stop,"('bearish_high_tl', 2424, 2433, 2439)",bearish_high_tl,,2424,236.60000610351562,2439,235.3000030517578,2433,233.39999389648438,,,,,,2433,233.39999389648438,2439,235.3000030517578,-0.0866668701171875,
long,bounce,2026-06-15 10:05:00,2026-06-15 10:20:00,2552,2555,231.5,236.31669389648437,229.67923627929687,236.31669389648437,274.61004100351596,0.6357222449231394,499.99999999999994,0.004999999999999999,0.007865070067832082,4.816693896484367,1322.712508414957,0.01322712508414957,target,"('bearish_high_tl', 2424, 2433, 2449)",bearish_high_tl,,2424,236.60000610351562,2449,235.89999389648438,2433,233.39999389648438,,,,,,2433,233.39999389648438,2449,235.89999389648438,-0.02800048828125,
long,bounce,2026-06-15 15:55:00,2026-06-15 17:30:00,2622,2641,235.3000030517578,230.78212745424668,230.78212745424668,242.07681644802452,110.67148468529022,0.26041000684191357,500.00000000000006,0.005000000000000001,0.019200491028116818,-4.517875597511136,-500.00000000000006,-0.005000000000000001,stop,"('bearish_high_tl', 2555, 2586, 2608)",bearish_high_tl,,2555,236.6999969482422,2608,235.8000030517578,2586,231.8000030517578,,,,,,2586,231.8000030517578,2608,235.8000030517578,-0.01698101691479953,
long,bounce,2026-06-16 15:55:00,2026-06-18 13:10:00,2719,2880,225.89999389648438,223.51819542236328,223.51819542236328,229.47269160766604,209.9254010919223,0.47422146825382283,500.0,0.005,0.010543596894529023,-2.381798474121098,-500.0,-0.005,stop,"('bearish_high_tl', 2689, 2703, 2709)",bearish_high_tl,,2689,229.3000030517578,2709,227.1999969482422,2703,225.5,,,,,,2703,225.5,2709,227.1999969482422,-0.10500030517578125,
long,bounce,2026-06-18 17:10:00,2026-06-23 10:25:00,2928,3138,223.1999969482422,220.298217880249,220.298217880249,227.60175694274903,172.30808696466067,0.3845916448466971,500.0,0.005,0.013000802453711808,-2.901779067993175,-500.0,-0.005,stop,"('bearish_high_tl', 2839, 2843, 2855)",bearish_high_tl,,2839,228.0,2855,227.1999969482422,2843,224.89999389648438,,,,,,2843,224.89999389648438,2855,227.1999969482422,-0.05000019073486328,
long,bounce,2026-06-23 10:30:00,2026-06-23 10:35:00,3139,3140,220.39999389648438,219.4033898742676,219.4033898742676,228.39671998901366,501.703774873224,1.1057550891990173,500.00000000000006,0.005000000000000001,0.004521796959236137,-0.9966040222167862,-500.00000000000006,-0.005000000000000001,stop,"('bearish_high_tl', 2821, 2823, 2839)",bearish_high_tl,,2821,228.39999389648438,2839,228.0,2823,226.8000030517578,,,,,,2823,226.8000030517578,2839,228.0,-0.022221883138020832,
long,bounce,2026-06-23 12:25:00,2026-06-24 11:35:00,3162,3249,219.39999389648438,218.08589795250526,218.08589795250526,226.49492609252928,380.48972169108816,0.8347944261669978,500.0,0.005,0.005989498543920281,-1.3140959439791118,-500.0,-0.005,stop,"('bearish_high_tl', 3009, 3014, 3035)",bearish_high_tl,,3009,227.1999969482422,3035,226.10000610351562,3014,224.6999969482422,,,,,,3014,224.6999969482422,3035,226.10000610351562,-0.042307340181790866,
long,bounce,2026-06-24 13:20:00,2026-06-25 10:25:00,3270,3332,217.60000610351562,222.39168001098633,215.92935928922952,222.39168001098633,299.2852802425864,0.6512447880747918,500.0,0.005,0.0076776046297137935,4.7916739074707095,1434.0774682284602,0.014340774682284603,target,"('bearish_high_tl', 3192, 3205, 3211)",bearish_high_tl,,3192,223.3000030517578,3211,222.0,3205,220.6999969482422,,,,,,3205,220.6999969482422,3211,222.0,-0.06842121325041119,
long,bounce,2026-06-25 10:50:00,2026-06-25 12:25:00,3337,3356,221.1999969482422,219.1685972076416,219.1685972076416,229.09815694274903,246.13570141156617,0.5444521640109189,500.00000000000006,0.005000000000000001,0.009183543257805338,-2.031399740600591,-500.00000000000006,-0.005000000000000001,stop,"('bearish_high_tl', 2709, 2713, 2730)",bearish_high_tl,,2709,227.1999969482422,2730,227.0,2713,225.5,,,,,,2713,225.5,2730,227.0,-0.009523664202008928,
long,bounce,2026-06-25 12:30:00,2026-06-25 12:45:00,3357,3360,219.39999389648438,218.03130858443413,218.03130858443413,228.79491388549803,365.31406861597446,0.8014990442464467,500.00000000000006,0.005000000000000001,0.006238310620446092,-1.3686853120502462,-500.00000000000006,-0.005000000000000001,stop,"('bearish_high_tl', 2802, 2813, 2821)",bearish_high_tl,,2802,228.6999969482422,2821,228.39999389648438,2813,227.0,,,,,,2813,227.0,2821,228.39999389648438,-0.015789634303042765,
long,bounce,2026-06-25 16:45:00,2026-06-26 10:00:00,3408,3424,215.3000030517578,219.16190962839596,212.72539866733237,219.16190962839596,194.20459431540272,0.41812249748771596,500.0,0.005,0.011958218058206484,3.861906576638148,749.9999999999973,0.007499999999999973,target,"('bearish_high_tl', 3332, 3381, 3393)",bearish_high_tl,,3332,222.6999969482422,3393,217.10000610351562,3381,215.5,,,,,,3381,215.5,3393,217.10000610351562,-0.09180312860207479,
long,bounce,2026-06-26 10:10:00,2026-06-30 15:55:00,3426,3689,217.6999969482422,226.19186304626464,216.90218943678912,226.19186304626464,626.7175889198309,1.364364171952569,499.99999999999994,0.004999999999999999,0.003664710714914479,8.491866098022456,5322.0018463826855,0.05322001846382685,target,"('bearish_high_tl', 3035, 3045, 3052)",bearish_high_tl,,3035,226.10000610351562,3052,225.8000030517578,3045,224.0,,,,,,3045,224.0,3052,225.8000030517578,-0.017647238338694853,
long,bounce,2026-07-02 10:20:00,2026-07-02 11:30:00,3816,3830,236.1999969482422,238.85833002220602,234.42777489893297,238.85833002220602,282.13168896916204,0.6663950407351849,500.00000000000006,0.005000000000000001,0.007503057037285071,2.6583330739638313,750.0000000000001,0.0075000000000000015,target,"('bearish_high_tl', 3786, 3797, 3803)",bearish_high_tl,,3786,238.6999969482422,3803,237.89999389648438,3797,235.6999969482422,,,,,,3797,235.6999969482422,3803,237.89999389648438,-0.047059003044577205,
long,bounce,2026-07-02 14:50:00,2026-07-02 15:20:00,3870,3876,240.1999969482422,238.4676491607666,238.4676491607666,242.79851862945557,288.62564642900577,0.6932787939143162,499.99999999999994,0.004999999999999999,0.007212105784701039,-1.7323477874755895,-499.99999999999994,-0.004999999999999999,stop,"('bearish_high_tl', 3833, 3848, 3854)",bearish_high_tl,,3833,241.5,3854,241.10000610351562,3848,239.3000030517578,,,,,,3848,239.3000030517578,3854,241.10000610351562,-0.019047328404017856,
long,bounce,2026-07-02 15:45:00,2026-07-03 13:05:00,3881,3946,239.89999389648438,243.51529273703437,237.48979466945104,243.51529273703437,207.45173029344988,0.4976766883121375,500.0,0.005,0.01004668315278624,3.615298840549997,750.0,0.0075,target,"('bearish_high_tl', 3854, 3861, 3868)",bearish_high_tl,,3854,241.10000610351562,3868,240.60000610351562,3861,238.60000610351562,,,,,,3861,238.60000610351562,3868,240.60000610351562,-0.03571428571428571,
long,bounce,2026-07-07 13:45:00,2026-07-07 17:00:00,4148,4187,253.25,258.80877499999997,249.54415,258.80877499999997,134.921812809477,0.34168949094000045,500.00000000000006,0.005000000000000001,0.014633168805528127,5.558774999999969,749.9999999999962,0.007499999999999962,target,"('bearish_high_tl', 4117, 4123, 4137)",bearish_high_tl,,4117,255.5,4137,254.25,4123,251.5,,,,,,4123,251.5,4137,254.25,-0.0625,
long,bounce,2026-07-08 12:05:00,2026-07-08 13:05:00,4225,4237,260.75,258.6135333333333,258.6135333333333,264.4698,234.03126657721037,0.6102365276000761,500.0,0.005,0.008193544263343074,-2.1364666666667063,-500.0,-0.005,stop,"('bearish_high_tl', 4200, 4214, 4215)",bearish_high_tl,,4200,265.75,4215,264.0,4214,260.25,,,,,,4214,260.25,4215,264.0,-0.11666666666666667,
long,breakout,2026-07-08 17:20:00,2026-07-09 16:00:00,4288,4369,260.0,263.325,254.782,263.325,95.82215408202396,0.2491376006132623,500.0,0.005,0.020069230769230728,3.3249999999999886,318.60866232272855,0.0031860866232272856,target,"('structure_long_breakout', 4215, 4240, 4260, 4279)",bearish_high_tl,structure_long_breakout,4215,264.0,4260,260.0,4240,255.25,4240.0,255.25,4279.0,259.0,0.09615384615384616,4240,255.25,4279,259.0,-0.08888888888888889,4271.0
long,bounce,2026-07-10 13:00:00,2026-07-13 09:55:00,4430,4490,265.25,270.4126035714286,261.8082642857143,270.4126035714286,145.2755358073072,0.3853433587288823,500.0,0.005,0.012975440958664274,5.162603571428576,750.0000000000041,0.007500000000000041,target,"('bearish_high_tl', 4398, 4405, 4412)",bearish_high_tl,,4398,268.25,4412,267.25,4405,264.0,,,,,,4405,264.0,4412,267.25,-0.07142857142857142,
long,bounce,2026-07-13 17:35:00,2026-07-16 10:00:00,4582,4685,268.75,275.38841153846147,264.32439230769234,275.38841153846147,112.97883471891805,0.30363061830709226,500.0,0.005,0.016467377459749452,6.638411538461469,749.9999999999968,0.0074999999999999685,target,"('bearish_high_tl', 4545, 4559, 4571)",bearish_high_tl,,4545,271.5,4571,269.5,4559,266.5,,,,,,4559,266.5,4571,269.5,-0.07692307692307693,
long,bounce,2026-07-17 13:55:00,2026-07-20 09:55:00,4829,4878,284.75,290.4301153225806,280.96325645161295,290.4301153225806,132.03957268586967,0.37598268322301387,500.00000000000006,0.005000000000000001,0.01329848480557349,5.680115322580605,750.0000000000039,0.007500000000000039,target,"('bearish_high_tl', 4787, 4806, 4818)",bearish_high_tl,,4787,288.5,4818,286.0,4806,283.25,,,,,,4806,283.25,4818,286.0,-0.08064516129032258,
long,bounce,2026-07-20 14:55:00,2026-07-20 15:40:00,4938,4947,304.75,307.3612865384615,303.00914230769234,307.3612865384615,287.2147460469368,0.8752869385780399,500.00000000000006,0.005000000000000001,0.005712412443995592,2.6112865384615134,750.0000000000082,0.007500000000000082,target,"('bearish_high_tl', 4912, 4922, 4925)",bearish_high_tl,,4912,307.75,4925,306.5,4922,305.0,,,,,,4922,305.0,4925,306.5,-0.09615384615384616,
long,bounce,2026-07-21 10:05:00,2026-07-21 12:45:00,4977,5009,306.5,310.55254999999994,303.79830000000004,310.55254999999994,185.06866047303822,0.5672354443498622,499.99999999999994,0.004999999999999999,0.008814681892332659,4.05254999999994,749.9999999999999,0.007499999999999999,target,"('bearish_high_tl', 4947, 4953, 4962)",bearish_high_tl,,4947,308.0,4962,307.25,4953,305.5,,,,,,4953,305.5,4962,307.25,-0.05,
long,bounce,2026-07-22 11:10:00,2026-07-22 16:40:00,5087,5153,310.25,315.962675,306.44155,315.962675,131.28700652496445,0.40731793774370223,500.0,0.005,0.01227542304593068,5.71267499999999,750.0,0.0075,target,"('bearish_high_tl', 5027, 5044, 5048)",bearish_high_tl,,5027,312.0,5048,311.75,5044,307.5,,,,,,5044,307.5,5048,311.75,-0.011904761904761904,
