side,mode,entry_time,exit_time,entry_idx,exit_idx,entry,exit,stop,target,qty,leverage,risk_cash,risk_pct,stop_pct,pnl_cash,pnl_pct_on_cash,exit_reason,pattern,neckline_type,pattern_key,anchor0_idx,anchor0_price,anchor1_idx,anchor1_price,low_anchor0_idx,low_anchor0_price,low_anchor1_idx,low_anchor1_price,slope,low_slope,breakout_idx
long,inverse_head_shoulders_right_shoulder_entry,2026-05-05 10:35:00,2026-05-05 10:40:00,202,203,270.5,269.2631,269.2631,277.1923076923077,404.2363974452287,1.0934594550893437,499.99999999999994,0.004999999999999999,0.004572643253234719,-499.99999999999994,-0.004999999999999999,stop,inverse_head_shoulders,rising,"('inverse_head_shoulders', 152, 156, 177, 195, 198)",156,271.25,195,273.0,177,268.0,198,269.75,0.04487179487179487,0.08333333333333333,201.0
long,inverse_head_shoulders_right_shoulder_entry,2026-05-05 12:15:00,2026-05-06 10:00:00,222,292,269.75,268.514,268.514,277.1923076923077,404.5307443365728,1.091221682847905,499.99999999999994,0.004999999999999999,0.004582020389249268,-499.99999999999994,-0.004999999999999999,stop,inverse_head_shoulders,rising,"('inverse_head_shoulders', 152, 156, 177, 195, 218)",156,271.25,195,273.0,177,268.0,218,269.0,0.04487179487179487,0.024390243902439025,221.0
long,inverse_head_shoulders_right_shoulder_entry,2026-05-06 12:55:00,2026-05-06 13:20:00,327,332,270.0,268.514,268.514,280.73728813559325,336.47375504710857,0.9084791386271932,499.99999999999994,0.004999999999999999,0.005503703703703667,-499.99999999999994,-0.004999999999999999,stop,inverse_head_shoulders,rising,"('inverse_head_shoulders', 252, 255, 296, 314, 322)",255,271.5,314,274.0,296,266.5,322,269.0,0.0423728813559322,0.09615384615384616,326.0
long,inverse_head_shoulders_right_shoulder_entry,2026-05-06 16:00:00,2026-05-06 16:35:00,364,371,268.25,266.7667,266.7667,280.73728813559325,337.08622665678206,0.9042338030068179,500.0,0.005,0.005529543336439835,-500.0,-0.005,stop,inverse_head_shoulders,rising,"('inverse_head_shoulders', 252, 255, 296, 314, 359)",255,271.5,314,274.0,296,266.5,359,267.25,0.0423728813559322,0.011904761904761904,363.0
long,inverse_head_shoulders_right_shoulder_entry,2026-05-08 14:15:00,2026-05-08 17:55:00,537,581,260.5,259.2811,259.2811,264.7291666666667,410.2059233735271,1.0685864303880381,500.0000000000001,0.005000000000000001,0.004679078694817732,-500.0000000000001,-0.005000000000000001,stop,inverse_head_shoulders,rising,"('inverse_head_shoulders', 400, 407, 484, 491, 533)",407,261.75,491,262.0,484,259.25,533,259.75,0.002976190476190476,0.01020408163265306,536.0
long,inverse_head_shoulders_right_shoulder_entry,2026-05-11 09:55:00,2026-05-11 17:50:00,582,677,262.5,259.78335,259.78335,266.574975,184.05020889698605,0.4831317983545884,500.0,0.005,0.010349142857142916,-500.0,-0.005,stop,inverse_head_shoulders,rising,"('inverse_head_shoulders', 400, 407, 484, 491, 550)",407,261.75,491,262.0,484,259.25,550,260.25,0.002976190476190476,0.015151515151515152,553.0
long,inverse_head_shoulders_right_shoulder_entry,2026-05-12 10:50:00,2026-05-12 12:20:00,690,708,261.5,260.02885,260.02885,264.8857142857143,339.8701695952094,0.8887604934914726,500.00000000000006,0.005000000000000001,0.005625812619502955,-500.00000000000006,-0.005000000000000001,stop,inverse_head_shoulders,rising,"('inverse_head_shoulders', 533, 543, 581, 683, 686)",543,261.5,683,262.0,581,258.75,686,260.5,0.0035714285714285713,0.016666666666666666,689.0
long,inverse_head_shoulders_right_shoulder_entry,2026-05-15 11:15:00,2026-05-15 15:30:00,986,1037,257.25,255.7865,255.7865,262.93548387096774,341.64673727365664,0.8788862316364816,500.00000000000006,0.005000000000000001,0.0056890184645287094,-500.00000000000006,-0.005000000000000001,stop,inverse_head_shoulders,rising,"('inverse_head_shoulders', 894, 909, 941, 971, 980)",909,254.25,971,258.0,941,251.25,980,256.25,0.06048387096774194,0.1282051282051282,985.0
long,inverse_head_shoulders_right_shoulder_entry,2026-05-18 10:10:00,2026-05-18 14:55:00,1070,1127,260.75,254.28065,254.28065,270.454025,77.28751729308209,0.20152720134171156,499.99999999999994,0.004999999999999999,0.024810546500479355,-499.99999999999994,-0.004999999999999999,stop,inverse_head_shoulders,rising,"('inverse_head_shoulders', 886, 891, 1053, 1059, 1066)",891,254.75,1059,255.75,1053,252.75,1066,254.75,0.005952380952380952,0.15384615384615385,1069.0
long,inverse_head_shoulders_right_shoulder_entry,2026-05-20 14:40:00,2026-05-20 15:05:00,1221,1226,251.75,250.79685,250.79685,255.85237484886534,524.5764045533266,1.3206210984629998,499.99999999999994,0.004999999999999999,0.003786097318768595,-499.99999999999994,-0.004999999999999999,stop,inverse_head_shoulders,rising,"('inverse_head_shoulders', 1187, 1190, 1207, 1211, 1217)",1190,252.0,1211,252.25,1207,248.60000610351562,1217,251.25,0.011904761904761904,0.2649993896484375,1220.0
long,inverse_head_shoulders_right_shoulder_entry,2026-05-21 11:10:00,2026-05-21 16:30:00,1276,1340,250.25,248.7495469482422,248.7495469482422,255.79166056315105,333.2326855640321,0.8339147956239904,500.0,0.005,0.005995816390640567,-500.0,-0.005,stop,inverse_head_shoulders,rising,"('inverse_head_shoulders', 1187, 1190, 1207, 1220, 1272)",1190,252.0,1220,252.25,1207,248.60000610351562,1272,249.1999969482422,0.008333333333333333,0.009230628380408654,1275.0
long,bullish_pennant_bounce,2026-05-22 12:35:00,2026-05-22 15:25:00,1387,1421,243.39999389648438,240.9618739074707,240.9618739074707,247.05717388000488,205.07604312053255,0.4991550764385279,500.0,0.005,0.010016927075399105,-500.0,-0.005,stop,bullish_pennant,,"('bullish_pennant', 1345, 1357, 1369, 1373, 1377)",1345,249.89999389648438,1369,244.8000030517578,1357,239.0,1373,241.39999389648438,-0.21249961853027344,0.14999961853027344,
long,inverse_head_shoulders_right_shoulder_entry,2026-05-22 17:25:00,2026-05-22 17:30:00,1445,1446,241.6999969482422,240.36494305725097,240.36494305725097,244.32726357199928,374.51671679618266,0.9052068930670303,500.00000000000006,0.005000000000000001,0.005523599122250334,-500.00000000000006,-0.005000000000000001,stop,inverse_head_shoulders,rising,"('inverse_head_shoulders', 1423, 1427, 1432, 1438, 1441)",1427,241.39999389648438,1438,241.89999389648438,1432,239.1999969482422,1441,240.8000030517578,0.045454545454545456,0.17777845594618055,1444.0
long,inverse_head_shoulders_right_shoulder_entry,2026-06-02 11:50:00,2026-06-02 12:35:00,1701,1710,243.89999389648438,242.56098001098633,242.56098001098633,252.95925620750145,373.40912250064116,0.9107448269879796,500.0,0.005,0.005490011968046009,-500.0,-0.005,stop,inverse_head_shoulders,rising,"('inverse_head_shoulders', 1661, 1666, 1680, 1693, 1697)",1666,245.1999969482422,1693,245.6999969482422,1680,238.1999969482422,1697,243.0,0.018518518518518517,0.28235312069163604,1700.0
long,inverse_head_shoulders_right_shoulder_entry,2026-06-02 14:00:00,2026-06-03 16:15:00,1727,1851,242.1999969482422,241.16386609802245,241.16386609802245,252.95925620750145,482.56453313204986,1.1687712845191238,500.0000000000001,0.005000000000000001,0.004277996958196305,-500.0000000000001,-0.005000000000000001,stop,inverse_head_shoulders,rising,"('inverse_head_shoulders', 1661, 1666, 1680, 1693, 1723)",1666,245.1999969482422,1693,245.6999969482422,1680,238.1999969482422,1723,241.60000610351562,0.018518518518518517,0.07906998035519622,1726.0
long,inverse_head_shoulders_right_shoulder_entry,2026-06-04 17:05:00,2026-06-05 12:45:00,1957,2002,233.10000610351562,237.1600128173828,231.3804230407715,237.1600128173828,290.76815818486426,0.6777805944759985,500.0000000000001,0.005000000000000001,0.007377018523030405,1180.5206744093437,0.011805206744093437,target,inverse_head_shoulders,rising,"('inverse_head_shoulders', 1916, 1919, 1927, 1939, 1953)",1919,229.1999969482422,1939,233.60000610351562,1927,227.39999389648438,1953,231.8000030517578,0.22000045776367189,0.16923112135667068,1956.0
long,inverse_head_shoulders_right_shoulder_entry,2026-06-05 12:50:00,2026-06-08 09:55:00,2003,2065,237.1999969482422,245.49042320709228,231.6730461090088,245.49042320709228,90.4657947110222,0.21458486229374768,500.0,0.005,0.02330080484967035,750.0,0.0075,target,inverse_head_shoulders,rising,"('inverse_head_shoulders', 1916, 1919, 1927, 1957, 1962)",1919,229.1999969482422,1957,233.10000610351562,1927,227.39999389648438,1962,232.10000610351562,0.10263181987561677,0.13428606305803573,1966.0
long,inverse_head_shoulders_right_shoulder_entry,2026-06-08 10:00:00,2026-06-09 10:40:00,2066,2171,245.39999389648438,233.65810610351562,233.65810610351562,263.0128255859375,42.5825905353489,0.10449767457471112,500.00000000000006,0.005000000000000001,0.047847954706640154,-500.00000000000006,-0.005000000000000001,stop,inverse_head_shoulders,rising,"('inverse_head_shoulders', 1916, 1919, 1927, 1976, 1985)",1919,229.1999969482422,1976,236.8000030517578,1927,227.39999389648438,1985,234.10000610351562,0.13333344041255482,0.11551745184536638,1988.0
long,inverse_head_shoulders_right_shoulder_entry,2026-06-10 11:40:00,2026-06-10 12:05:00,2280,2285,235.5,233.5761,233.5761,242.79998779296875,259.88876760746354,0.6120380477155767,499.99999999999994,0.004999999999999999,0.00816942675159237,-499.99999999999994,-0.004999999999999999,stop,inverse_head_shoulders,rising,"('inverse_head_shoulders', 2235, 2245, 2257, 2269, 2276)",2245,231.0,2269,237.39999389648438,2257,228.8000030517578,2276,234.0,0.2666664123535156,0.2736840499074836,2279.0
long,inverse_head_shoulders_right_shoulder_entry,2026-06-10 13:35:00,2026-06-11 10:00:00,2303,2357,233.6999969482422,237.05918821996573,232.57934000549315,237.05918821996573,446.16686956266113,1.0426919605520069,499.99999999999994,0.004999999999999999,0.004795280091497946,1498.7598539671092,0.014987598539671092,target,inverse_head_shoulders,rising,"('inverse_head_shoulders', 2235, 2245, 2257, 2294, 2299)",2245,231.0,2294,234.10000610351562,2257,228.8000030517578,2299,233.0,0.06326543068399235,0.09999992733909971,2302.0
long,inverse_head_shoulders_right_shoulder_entry,2026-06-11 10:05:00,2026-06-11 11:50:00,2358,2379,235.39999389648438,233.77609694824218,233.77609694824218,238.41229741023136,307.9013114355759,0.724799668326541,500.00000000000006,0.005000000000000001,0.006898457902918591,-500.00000000000006,-0.005000000000000001,stop,inverse_head_shoulders,rising,"('inverse_head_shoulders', 2235, 2245, 2257, 2310, 2315)",2245,231.0,2310,235.39999389648438,2257,228.8000030517578,2315,234.1999969482422,0.0676922137920673,0.09310334304283405,2318.0
long,inverse_head_shoulders_right_shoulder_entry,2026-06-11 16:50:00,2026-06-12 09:55:00,2439,2453,234.3000030517578,232.9782538909912,232.9782538909912,242.59091741388494,378.28660296632984,0.8863255222945017,500.00000000000006,0.005000000000000001,0.0056412682183134034,-500.00000000000006,-0.005000000000000001,stop,inverse_head_shoulders,rising,"('inverse_head_shoulders', 2385, 2391, 2421, 2424, 2433)",2391,233.1999969482422,2424,236.60000610351562,2421,230.3000030517578,2433,233.39999389648438,0.10303058046283144,0.2583325703938802,2438.0
long,inverse_head_shoulders_right_shoulder_entry,2026-06-12 13:45:00,2026-06-12 17:15:00,2499,2541,234.39999389648438,232.67808611450195,232.67808611450195,240.88332748413086,290.37559690005736,0.6806403814106144,500.00000000000006,0.005000000000000001,0.007346023151958151,-500.00000000000006,-0.005000000000000001,stop,inverse_head_shoulders,rising,"('inverse_head_shoulders', 2433, 2439, 2461, 2487, 2495)",2439,235.3000030517578,2487,235.6999969482422,2461,230.3000030517578,2495,233.10000610351562,0.008333206176757812,0.08235303093405331,2498.0
long,inverse_head_shoulders_right_shoulder_entry,2026-06-15 11:30:00,2026-06-15 12:35:00,2569,2582,233.6999969482422,232.17916609802245,232.17916609802245,244.26414460955925,328.767660077225,0.7683300115672821,500.0,0.005,0.006507620325543087,-500.0,-0.005,stop,inverse_head_shoulders,rising,"('inverse_head_shoulders', 2495, 2502, 2551, 2555, 2565)",2502,234.89999389648438,2555,236.6999969482422,2551,229.0,2565,232.60000610351562,0.03396232173127948,0.25714329310825895,2568.0
long,inverse_head_shoulders_right_shoulder_entry,2026-06-15 12:40:00,2026-06-15 12:45:00,2583,2584,232.39999389648438,232.28167695922852,232.28167695922852,241.14849391128078,4225.937651840765,9.821078844947174,500.00000000000006,0.005000000000000001,0.0005091090377074449,-500.00000000000006,-0.005000000000000001,stop,inverse_head_shoulders,rising,"('inverse_head_shoulders', 2495, 2502, 2551, 2568, 2571)",2502,234.89999389648438,2568,235.10000610351562,2551,229.0,2571,232.6999969482422,0.0030304879853219695,0.18499984741210937,2574.0
long,inverse_head_shoulders_right_shoulder_entry,2026-06-15 14:50:00,2026-06-15 17:00:00,2609,2635,235.39999389648438,233.07628001098632,233.07628001098632,238.88556472473147,215.17279004115986,0.5065167346237854,500.0,0.005,0.009871342165454301,-500.0,-0.005,stop,inverse_head_shoulders,rising,"('inverse_head_shoulders', 2571, 2574, 2587, 2600, 2605)",2574,233.89999389648438,2600,234.8000030517578,2587,231.8000030517578,2605,233.5,0.034615736741286054,0.09444427490234375,2608.0
long,inverse_head_shoulders_right_shoulder_entry,2026-06-17 11:25:00,2026-06-18 10:00:00,2762,2842,227.8000030517578,225.88978306274413,225.88978306274413,230.66533303527834,261.74995700791953,0.5962664100520154,500.00000000000006,0.005000000000000001,0.008385513447862716,-500.00000000000006,-0.005000000000000001,stop,inverse_head_shoulders,rising,"('inverse_head_shoulders', 2713, 2730, 2741, 2754, 2758)",2730,227.0,2754,227.39999389648438,2741,225.1999969482422,2758,226.3000030517578,0.016666412353515625,0.06470624138327206,2761.0
long,inverse_head_shoulders_right_shoulder_entry,2026-06-24 17:35:00,2026-06-25 09:55:00,3321,3326,217.6999969482422,216.50831388549804,216.50831388549804,219.79666748046876,419.57464667545537,0.9134139930080643,500.0,0.005,0.0054739691293035145,-500.0,-0.005,stop,inverse_head_shoulders,rising,"('inverse_head_shoulders', 3279, 3283, 3300, 3313, 3317)",3283,217.39999389648438,3313,218.10000610351562,3300,216.10000610351562,3317,216.89999389648438,0.023333740234375,0.04705810546875,3320.0
long,inverse_head_shoulders_right_shoulder_entry,2026-06-25 11:40:00,2026-06-25 11:45:00,3347,3348,221.3000030517578,220.60165999450683,220.60165999450683,226.26153564453125,715.9804838158548,1.5844648325344768,500.00000000000006,0.005000000000000001,0.0031556396187109466,-500.00000000000006,-0.005000000000000001,stop,inverse_head_shoulders,rising,"('inverse_head_shoulders', 3317, 3320, 3326, 3333, 3336)",3320,217.8000030517578,3333,222.6999969482422,3326,216.5,3336,221.0,0.376922607421875,0.45,3346.0
long,inverse_head_shoulders_right_shoulder_entry,2026-06-26 10:40:00,2026-06-26 15:15:00,3432,3487,219.60000610351562,217.90454305725098,217.90454305725098,222.9045271439986,294.90468760234705,0.6476107119743078,500.00000000000006,0.005000000000000001,0.007720687609933113,-500.00000000000006,-0.005000000000000001,stop,inverse_head_shoulders,rising,"('inverse_head_shoulders', 3400, 3403, 3418, 3425, 3428)",3403,216.89999389648438,3425,219.39999389648438,3418,215.10000610351562,3428,218.3000030517578,0.11363636363636363,0.31999969482421875,3431.0
long,inverse_head_shoulders_right_shoulder_entry,2026-06-26 17:50:00,2026-06-29 10:00:00,3518,3521,219.39999389648438,221.9508204225634,218.0052538909912,221.9508204225634,358.48975295091395,0.7865264960938272,500.0,0.005,0.00635706492385418,914.4451711547064,0.009144451711547064,target,inverse_head_shoulders,rising,"('inverse_head_shoulders', 3437, 3441, 3487, 3502, 3513)",3441,219.60000610351562,3502,219.8000030517578,3487,217.60000610351562,3513,218.39999389648438,0.0032786384957735654,0.030768761268028848,3517.0
long,inverse_head_shoulders_right_shoulder_entry,2026-06-29 10:55:00,2026-06-29 12:20:00,3532,3549,220.60000610351562,219.10291998901369,219.10291998901369,226.46048557611158,333.9821237780588,0.7367645854390489,499.99999999999994,0.004999999999999999,0.006786428255126332,-499.99999999999994,-0.004999999999999999,stop,inverse_head_shoulders,rising,"('inverse_head_shoulders', 3437, 3441, 3487, 3522, 3528)",3441,219.60000610351562,3522,222.6999969482422,3487,217.60000610351562,3528,219.5,0.03827149191020447,0.04634131454839939,3531.0
long,inverse_head_shoulders_right_shoulder_entry,2026-06-29 17:30:00,2026-06-30 12:05:00,3611,3643,219.1999969482422,221.74157154235843,217.50561388549804,221.74157154235843,295.0926570230353,0.6468430951889802,500.0,0.005,0.007729849846413235,750.0000000000042,0.007500000000000042,target,inverse_head_shoulders,rising,"('inverse_head_shoulders', 3585, 3592, 3598, 3603, 3607)",3592,219.0,3603,219.1999969482422,3598,217.3000030517578,3607,217.89999389648438,0.018181540749289772,0.0666656494140625,3610.0
long,inverse_head_shoulders_right_shoulder_entry,2026-06-30 12:10:00,2026-06-30 16:55:00,3644,3701,222.10000610351562,227.49969443054198,218.50021388549806,227.49969443054198,138.89690563177936,0.3084900358857763,500.0,0.005,0.016207978924322002,750.0,0.0075,target,inverse_head_shoulders,rising,"('inverse_head_shoulders', 3585, 3592, 3598, 3618, 3621)",3592,219.0,3618,220.39999389648438,3598,217.3000030517578,3621,218.89999389648438,0.053845919095552884,0.0695648193359375,3624.0
long,inverse_head_shoulders_right_shoulder_entry,2026-06-30 17:00:00,2026-07-01 15:45:00,3702,3784,226.1999969482422,237.3107369400024,218.79283695373536,237.3107369400024,67.5022546253627,0.1526900979025651,500.0,0.005,0.03274606584633019,749.999999999999,0.00749999999999999,target,inverse_head_shoulders,rising,"('inverse_head_shoulders', 3585, 3592, 3598, 3625, 3633)",3592,219.0,3625,221.39999389648438,3598,217.3000030517578,3633,219.1999969482422,0.07272708777225378,0.05428553989955357,3636.0
long,inverse_head_shoulders_right_shoulder_entry,2026-07-01 15:50:00,2026-07-08 10:00:00,3785,4200,237.60000610351562,262.9915261199951,220.6723260925293,262.9915261199951,29.537420347944433,0.07018091254953704,500.00000000000006,0.005000000000000001,0.07124444266054195,749.9999999999997,0.007499999999999996,target,inverse_head_shoulders,rising,"('inverse_head_shoulders', 3585, 3592, 3598, 3645, 3662)",3592,219.0,3645,222.60000610351562,3598,217.3000030517578,3662,221.10000610351562,0.06792464346255896,0.05937504768371582,3665.0
