key,pattern,mode,neckline_type,anchor0,anchor1,low0,low1,slope,low_slope,breakout_idx,stop,target,born,state,used
"('inverse_head_shoulders', 78, 81, 100, 112, 120)",inverse_head_shoulders,inverse_head_shoulders_right_shoulder_entry,rising,"{'idx': 81, 'confirm_idx': 83, 'price': 271.25, 'kind': 'high', 'label': 'LH'}","{'idx': 112, 'confirm_idx': 114, 'price': 271.5, 'kind': 'high', 'label': 'HH'}","{'idx': 100, 'confirm_idx': 102, 'price': 265.0, 'kind': 'low', 'label': 'LL'}","{'idx': 120, 'confirm_idx': 122, 'price': 269.0, 'kind': 'low', 'label': 'HL'}",0.008064516129032258,0.2,122.0,269.0,277.9032258064516,122,wait_right_shoulder_entry,True
"('inverse_head_shoulders', 78, 81, 100, 125, 128)",inverse_head_shoulders,inverse_head_shoulders_right_shoulder_entry,rising,"{'idx': 81, 'confirm_idx': 83, 'price': 271.25, 'kind': 'high', 'label': 'LH'}","{'idx': 125, 'confirm_idx': 127, 'price': 272.0, 'kind': 'high', 'label': 'HH'}","{'idx': 100, 'confirm_idx': 102, 'price': 265.0, 'kind': 'low', 'label': 'LL'}","{'idx': 128, 'confirm_idx': 130, 'price': 270.5, 'kind': 'low', 'label': 'HL'}",0.017045454545454544,0.19642857142857142,130.0,270.5,278.5738636363636,130,wait_right_shoulder_entry,True
"('inverse_head_shoulders', 78, 81, 100, 130, 132)",inverse_head_shoulders,inverse_head_shoulders_right_shoulder_entry,rising,"{'idx': 81, 'confirm_idx': 83, 'price': 271.25, 'kind': 'high', 'label': 'LH'}","{'idx': 130, 'confirm_idx': 132, 'price': 272.0, 'kind': 'high', 'label': 'LH'}","{'idx': 100, 'confirm_idx': 102, 'price': 265.0, 'kind': 'low', 'label': 'LL'}","{'idx': 132, 'confirm_idx': 134, 'price': 270.5, 'kind': 'low', 'label': 'HL'}",0.015306122448979591,0.171875,134.0,270.5,278.5408163265306,134,wait_right_shoulder_entry,True
"('inverse_head_shoulders', 152, 154, 177, 195, 218)",inverse_head_shoulders,inverse_head_shoulders_right_shoulder_entry,rising,"{'idx': 154, 'confirm_idx': 156, 'price': 271.5, 'kind': 'high', 'label': 'LH'}","{'idx': 195, 'confirm_idx': 197, 'price': 273.0, 'kind': 'high', 'label': 'HH'}","{'idx': 177, 'confirm_idx': 179, 'price': 268.0, 'kind': 'low', 'label': 'LL'}","{'idx': 218, 'confirm_idx': 220, 'price': 269.0, 'kind': 'low', 'label': 'HL'}",0.036585365853658534,0.024390243902439025,220.0,269.0,277.3414634146341,220,wait_right_shoulder_entry,True
"('inverse_head_shoulders', 152, 154, 177, 195, 229)",inverse_head_shoulders,inverse_head_shoulders_right_shoulder_entry,rising,"{'idx': 154, 'confirm_idx': 156, 'price': 271.5, 'kind': 'high', 'label': 'LH'}","{'idx': 195, 'confirm_idx': 197, 'price': 273.0, 'kind': 'high', 'label': 'HH'}","{'idx': 177, 'confirm_idx': 179, 'price': 268.0, 'kind': 'low', 'label': 'LL'}","{'idx': 229, 'confirm_idx': 231, 'price': 269.5, 'kind': 'low', 'label': 'HL'}",0.036585365853658534,0.028846153846153848,231.0,269.5,277.3414634146341,231,wait_right_shoulder_entry,True
"('inverse_head_shoulders', 152, 154, 177, 195, 240)",inverse_head_shoulders,inverse_head_shoulders_right_shoulder_entry,rising,"{'idx': 154, 'confirm_idx': 156, 'price': 271.5, 'kind': 'high', 'label': 'LH'}","{'idx': 195, 'confirm_idx': 197, 'price': 273.0, 'kind': 'high', 'label': 'HH'}","{'idx': 177, 'confirm_idx': 179, 'price': 268.0, 'kind': 'low', 'label': 'LL'}","{'idx': 240, 'confirm_idx': 242, 'price': 270.25, 'kind': 'low', 'label': 'HL'}",0.036585365853658534,0.03571428571428571,242.0,270.25,277.3414634146341,242,wait_right_shoulder_entry,True
"('inverse_head_shoulders', 198, 200, 206, 245, 252)",inverse_head_shoulders,inverse_head_shoulders_right_shoulder_entry,rising,"{'idx': 200, 'confirm_idx': 202, 'price': 271.5, 'kind': 'high', 'label': 'LH'}","{'idx': 245, 'confirm_idx': 247, 'price': 274.25, 'kind': 'high', 'label': 'HH'}","{'idx': 206, 'confirm_idx': 208, 'price': 267.75, 'kind': 'low', 'label': 'LL'}","{'idx': 252, 'confirm_idx': 254, 'price': 270.25, 'kind': 'low', 'label': 'HL'}",0.06111111111111111,0.05434782608695652,254.0,270.25,278.3666666666667,254,wait_right_shoulder_entry,True
"('inverse_head_shoulders', 198, 200, 206, 245, 265)",inverse_head_shoulders,inverse_head_shoulders_right_shoulder_entry,rising,"{'idx': 200, 'confirm_idx': 202, 'price': 271.5, 'kind': 'high', 'label': 'LH'}","{'idx': 245, 'confirm_idx': 247, 'price': 274.25, 'kind': 'high', 'label': 'HH'}","{'idx': 206, 'confirm_idx': 208, 'price': 267.75, 'kind': 'low', 'label': 'LL'}","{'idx': 265, 'confirm_idx': 267, 'price': 270.0, 'kind': 'low', 'label': 'HL'}",0.06111111111111111,0.038135593220338986,267.0,270.0,278.3666666666667,267,wait_right_shoulder_entry,True
"('inverse_head_shoulders', 261, 263, 296, 314, 318)",inverse_head_shoulders,inverse_head_shoulders_right_shoulder_entry,rising,"{'idx': 263, 'confirm_idx': 265, 'price': 270.75, 'kind': 'high', 'label': 'LH'}","{'idx': 314, 'confirm_idx': 316, 'price': 274.0, 'kind': 'high', 'label': 'HH'}","{'idx': 296, 'confirm_idx': 298, 'price': 266.5, 'kind': 'low', 'label': 'LL'}","{'idx': 318, 'confirm_idx': 320, 'price': 269.25, 'kind': 'low', 'label': 'HL'}",0.06372549019607843,0.125,320.0,269.25,280.3529411764706,320,wait_right_shoulder_entry,True
"('inverse_head_shoulders', 261, 263, 296, 314, 324)",inverse_head_shoulders,inverse_head_shoulders_right_shoulder_entry,rising,"{'idx': 263, 'confirm_idx': 265, 'price': 270.75, 'kind': 'high', 'label': 'LH'}","{'idx': 314, 'confirm_idx': 316, 'price': 274.0, 'kind': 'high', 'label': 'HH'}","{'idx': 296, 'confirm_idx': 298, 'price': 266.5, 'kind': 'low', 'label': 'LL'}","{'idx': 324, 'confirm_idx': 326, 'price': 269.25, 'kind': 'low', 'label': 'HL'}",0.06372549019607843,0.09821428571428571,326.0,269.25,280.3529411764706,326,wait_right_shoulder_entry,True
"('inverse_head_shoulders', 430, 432, 484, 486, 488)",inverse_head_shoulders,inverse_head_shoulders_right_shoulder_entry,rising,"{'idx': 432, 'confirm_idx': 434, 'price': 261.5, 'kind': 'high', 'label': 'LH'}","{'idx': 486, 'confirm_idx': 488, 'price': 262.75, 'kind': 'high', 'label': 'HH'}","{'idx': 484, 'confirm_idx': 486, 'price': 259.25, 'kind': 'low', 'label': 'LL'}","{'idx': 488, 'confirm_idx': 490, 'price': 260.5, 'kind': 'low', 'label': 'HL'}",0.023148148148148147,0.3125,490.0,260.5,266.2037037037037,490,wait_right_shoulder_entry,True
"('inverse_head_shoulders', 430, 432, 484, 491, 550)",inverse_head_shoulders,inverse_head_shoulders_right_shoulder_entry,rising,"{'idx': 432, 'confirm_idx': 434, 'price': 261.5, 'kind': 'high', 'label': 'LH'}","{'idx': 491, 'confirm_idx': 493, 'price': 262.0, 'kind': 'high', 'label': 'LH'}","{'idx': 484, 'confirm_idx': 486, 'price': 259.25, 'kind': 'low', 'label': 'LL'}","{'idx': 550, 'confirm_idx': 552, 'price': 260.25, 'kind': 'low', 'label': 'HL'}",0.00847457627118644,0.015151515151515152,552.0,260.25,264.6906779661017,552,wait_right_shoulder_entry,True
"('inverse_head_shoulders', 571, 577, 581, 583, 588)",inverse_head_shoulders,inverse_head_shoulders_right_shoulder_entry,rising,"{'idx': 577, 'confirm_idx': 579, 'price': 261.25, 'kind': 'high', 'label': 'LH'}","{'idx': 583, 'confirm_idx': 585, 'price': 263.5, 'kind': 'high', 'label': 'HH'}","{'idx': 581, 'confirm_idx': 583, 'price': 258.75, 'kind': 'low', 'label': 'LL'}","{'idx': 588, 'confirm_idx': 590, 'price': 261.0, 'kind': 'low', 'label': 'HL'}",0.375,0.32142857142857145,590.0,261.0,267.5,590,wait_right_shoulder_entry,True
"('inverse_head_shoulders', 571, 577, 581, 594, 606)",inverse_head_shoulders,inverse_head_shoulders_right_shoulder_entry,rising,"{'idx': 577, 'confirm_idx': 579, 'price': 261.25, 'kind': 'high', 'label': 'LH'}","{'idx': 594, 'confirm_idx': 596, 'price': 262.75, 'kind': 'high', 'label': 'LH'}","{'idx': 581, 'confirm_idx': 583, 'price': 258.75, 'kind': 'low', 'label': 'LL'}","{'idx': 606, 'confirm_idx': 608, 'price': 261.5, 'kind': 'low', 'label': 'HL'}",0.08823529411764706,0.11,608.0,261.5,265.6029411764706,608,wait_right_shoulder_entry,True
"('inverse_head_shoulders', 571, 577, 581, 619, 621)",inverse_head_shoulders,inverse_head_shoulders_right_shoulder_entry,rising,"{'idx': 577, 'confirm_idx': 579, 'price': 261.25, 'kind': 'high', 'label': 'LH'}","{'idx': 619, 'confirm_idx': 621, 'price': 263.5, 'kind': 'high', 'label': 'HH'}","{'idx': 581, 'confirm_idx': 583, 'price': 258.75, 'kind': 'low', 'label': 'LL'}","{'idx': 621, 'confirm_idx': 623, 'price': 262.75, 'kind': 'low', 'label': 'HL'}",0.05357142857142857,0.1,623.0,262.75,266.2142857142857,623,wait_right_shoulder_entry,True
"('inverse_head_shoulders', 571, 577, 581, 623, 636)",inverse_head_shoulders,inverse_head_shoulders_right_shoulder_entry,rising,"{'idx': 577, 'confirm_idx': 579, 'price': 261.25, 'kind': 'high', 'label': 'LH'}","{'idx': 623, 'confirm_idx': 625, 'price': 263.75, 'kind': 'high', 'label': 'HH'}","{'idx': 581, 'confirm_idx': 583, 'price': 258.75, 'kind': 'low', 'label': 'LL'}","{'idx': 636, 'confirm_idx': 638, 'price': 262.75, 'kind': 'low', 'label': 'HL'}",0.05434782608695652,0.07272727272727272,638.0,262.75,266.4673913043478,638,wait_right_shoulder_entry,True
"('inverse_head_shoulders', 668, 671, 678, 688, 692)",inverse_head_shoulders,inverse_head_shoulders_right_shoulder_entry,rising,"{'idx': 671, 'confirm_idx': 673, 'price': 262.0, 'kind': 'high', 'label': 'LH'}","{'idx': 688, 'confirm_idx': 690, 'price': 262.25, 'kind': 'high', 'label': 'HH'}","{'idx': 678, 'confirm_idx': 680, 'price': 259.5, 'kind': 'low', 'label': 'LL'}","{'idx': 692, 'confirm_idx': 694, 'price': 261.25, 'kind': 'low', 'label': 'HL'}",0.014705882352941176,0.125,694.0,261.25,264.8529411764706,694,wait_right_shoulder_entry,True
"('bullish_pennant', 804, 815, 823, 825, 855)",bullish_pennant,bullish_pennant_bounce,,"{'idx': 804, 'confirm_idx': 806, 'price': 254.75, 'kind': 'high', 'label': 'LH'}","{'idx': 823, 'confirm_idx': 825, 'price': 254.5, 'kind': 'high', 'label': 'LH'}","{'idx': 815, 'confirm_idx': 817, 'price': 252.25, 'kind': 'low', 'label': 'LL'}","{'idx': 825, 'confirm_idx': 827, 'price': 253.5, 'kind': 'low', 'label': 'HL'}",-0.013157894736842105,0.125,,253.5,254.5,857,wait_pennant_support,False
"('inverse_head_shoulders', 955, 960, 962, 971, 973)",inverse_head_shoulders,inverse_head_shoulders_right_shoulder_entry,rising,"{'idx': 960, 'confirm_idx': 962, 'price': 253.0, 'kind': 'high', 'label': 'LH'}","{'idx': 971, 'confirm_idx': 973, 'price': 258.0, 'kind': 'high', 'label': 'HH'}","{'idx': 962, 'confirm_idx': 964, 'price': 251.75, 'kind': 'low', 'label': 'LL'}","{'idx': 973, 'confirm_idx': 975, 'price': 255.75, 'kind': 'low', 'label': 'HL'}",0.45454545454545453,0.36363636363636365,975.0,255.75,260.1590909090909,975,wait_right_shoulder_entry,True
"('inverse_head_shoulders', 955, 960, 962, 976, 980)",inverse_head_shoulders,inverse_head_shoulders_right_shoulder_entry,rising,"{'idx': 960, 'confirm_idx': 962, 'price': 253.0, 'kind': 'high', 'label': 'LH'}","{'idx': 976, 'confirm_idx': 978, 'price': 258.0, 'kind': 'high', 'label': 'LH'}","{'idx': 962, 'confirm_idx': 964, 'price': 251.75, 'kind': 'low', 'label': 'LL'}","{'idx': 980, 'confirm_idx': 982, 'price': 256.25, 'kind': 'low', 'label': 'HL'}",0.3125,0.25,982.0,256.25,259.875,982,wait_right_shoulder_entry,True
"('inverse_head_shoulders', 955, 960, 962, 988, 994)",inverse_head_shoulders,inverse_head_shoulders_right_shoulder_entry,rising,"{'idx': 960, 'confirm_idx': 962, 'price': 253.0, 'kind': 'high', 'label': 'LH'}","{'idx': 988, 'confirm_idx': 990, 'price': 257.5, 'kind': 'high', 'label': 'LH'}","{'idx': 962, 'confirm_idx': 964, 'price': 251.75, 'kind': 'low', 'label': 'LL'}","{'idx': 994, 'confirm_idx': 996, 'price': 256.25, 'kind': 'low', 'label': 'HL'}",0.16071428571428573,0.140625,996.0,256.25,259.07142857142856,996,wait_right_shoulder_entry,True
"('inverse_head_shoulders', 955, 960, 962, 997, 1004)",inverse_head_shoulders,inverse_head_shoulders_right_shoulder_entry,rising,"{'idx': 960, 'confirm_idx': 962, 'price': 253.0, 'kind': 'high', 'label': 'LH'}","{'idx': 997, 'confirm_idx': 999, 'price': 258.5, 'kind': 'high', 'label': 'HH'}","{'idx': 962, 'confirm_idx': 964, 'price': 251.75, 'kind': 'low', 'label': 'LL'}","{'idx': 1004, 'confirm_idx': 1006, 'price': 257.25, 'kind': 'low', 'label': 'HL'}",0.14864864864864866,0.13095238095238096,1006.0,257.25,260.0472972972973,1006,wait_right_shoulder_entry,True
"('inverse_head_shoulders', 955, 960, 962, 1017, 1019)",inverse_head_shoulders,inverse_head_shoulders_right_shoulder_entry,rising,"{'idx': 960, 'confirm_idx': 962, 'price': 253.0, 'kind': 'high', 'label': 'LH'}","{'idx': 1017, 'confirm_idx': 1019, 'price': 258.0, 'kind': 'high', 'label': 'LH'}","{'idx': 962, 'confirm_idx': 964, 'price': 251.75, 'kind': 'low', 'label': 'LL'}","{'idx': 1019, 'confirm_idx': 1021, 'price': 257.0, 'kind': 'low', 'label': 'HL'}",0.08771929824561403,0.09210526315789473,1021.0,257.0,259.42543859649123,1021,wait_right_shoulder_entry,True
"('inverse_head_shoulders', 1032, 1036, 1053, 1068, 1070)",inverse_head_shoulders,inverse_head_shoulders_right_shoulder_entry,rising,"{'idx': 1036, 'confirm_idx': 1038, 'price': 256.75, 'kind': 'high', 'label': 'LH'}","{'idx': 1068, 'confirm_idx': 1070, 'price': 263.25, 'kind': 'high', 'label': 'HH'}","{'idx': 1053, 'confirm_idx': 1055, 'price': 252.75, 'kind': 'low', 'label': 'LL'}","{'idx': 1070, 'confirm_idx': 1072, 'price': 259.5, 'kind': 'low', 'label': 'HL'}",0.203125,0.39705882352941174,1072.0,259.5,270.703125,1072,wait_right_shoulder_entry,True
"('bullish_pennant', 1124, 1143, 1148, 1150, 1152)",bullish_pennant,bullish_pennant_bounce,,"{'idx': 1124, 'confirm_idx': 1126, 'price': 256.25, 'kind': 'high', 'label': 'LH'}","{'idx': 1148, 'confirm_idx': 1150, 'price': 252.75, 'kind': 'high', 'label': 'LH'}","{'idx': 1143, 'confirm_idx': 1145, 'price': 250.0, 'kind': 'low', 'label': 'LL'}","{'idx': 1150, 'confirm_idx': 1152, 'price': 251.5, 'kind': 'low', 'label': 'HL'}",-0.14583333333333334,0.21428571428571427,,251.5,252.75,1154,wait_pennant_support,False
"('inverse_head_shoulders', 1167, 1169, 1207, 1211, 1213)",inverse_head_shoulders,inverse_head_shoulders_right_shoulder_entry,rising,"{'idx': 1169, 'confirm_idx': 1171, 'price': 251.25, 'kind': 'high', 'label': 'LH'}","{'idx': 1211, 'confirm_idx': 1213, 'price': 252.25, 'kind': 'high', 'label': 'LH'}","{'idx': 1207, 'confirm_idx': 1209, 'price': 248.60000610351562, 'kind': 'low', 'label': 'LL'}","{'idx': 1213, 'confirm_idx': 1215, 'price': 251.0, 'kind': 'low', 'label': 'HL'}",0.023809523809523808,0.3999989827473958,1215.0,251.0,255.80475580124627,1215,wait_right_shoulder_entry,True
"('inverse_head_shoulders', 1167, 1169, 1207, 1215, 1217)",inverse_head_shoulders,inverse_head_shoulders_right_shoulder_entry,rising,"{'idx': 1169, 'confirm_idx': 1171, 'price': 251.25, 'kind': 'high', 'label': 'LH'}","{'idx': 1215, 'confirm_idx': 1217, 'price': 252.25, 'kind': 'high', 'label': 'LH'}","{'idx': 1207, 'confirm_idx': 1209, 'price': 248.60000610351562, 'kind': 'low', 'label': 'LL'}","{'idx': 1217, 'confirm_idx': 1219, 'price': 251.25, 'kind': 'low', 'label': 'HL'}",0.021739130434782608,0.2649993896484375,1219.0,251.25,255.72608085300612,1219,wait_right_shoulder_entry,True
"('inverse_head_shoulders', 1167, 1169, 1207, 1238, 1240)",inverse_head_shoulders,inverse_head_shoulders_right_shoulder_entry,rising,"{'idx': 1169, 'confirm_idx': 1171, 'price': 251.25, 'kind': 'high', 'label': 'LH'}","{'idx': 1238, 'confirm_idx': 1240, 'price': 252.0, 'kind': 'high', 'label': 'LH'}","{'idx': 1207, 'confirm_idx': 1209, 'price': 248.60000610351562, 'kind': 'low', 'label': 'LL'}","{'idx': 1240, 'confirm_idx': 1245, 'price': 251.0, 'kind': 'low', 'label': 'HL'}",0.010869565217391304,0.07272708777225378,1245.0,251.0,255.06303737474525,1245,wait_right_shoulder_entry,True
"('bullish_pennant', 1344, 1357, 1369, 1373, 1377)",bullish_pennant,bullish_pennant_bounce,,"{'idx': 1344, 'confirm_idx': 1346, 'price': 250.25, 'kind': 'high', 'label': 'LH'}","{'idx': 1369, 'confirm_idx': 1371, 'price': 244.8000030517578, 'kind': 'high', 'label': 'LH'}","{'idx': 1357, 'confirm_idx': 1359, 'price': 239.0, 'kind': 'low', 'label': 'LL'}","{'idx': 1373, 'confirm_idx': 1375, 'price': 241.39999389648438, 'kind': 'low', 'label': 'HL'}",-0.2179998779296875,0.14999961853027344,,241.39999389648438,244.8000030517578,1379,wait_pennant_support,True
"('inverse_head_shoulders', 1373, 1377, 1382, 1389, 1394)",inverse_head_shoulders,inverse_head_shoulders_right_shoulder_entry,rising,"{'idx': 1377, 'confirm_idx': 1379, 'price': 243.39999389648438, 'kind': 'high', 'label': 'LH'}","{'idx': 1389, 'confirm_idx': 1391, 'price': 244.3000030517578, 'kind': 'high', 'label': 'HH'}","{'idx': 1382, 'confirm_idx': 1384, 'price': 240.6999969482422, 'kind': 'low', 'label': 'LL'}","{'idx': 1394, 'confirm_idx': 1396, 'price': 243.0, 'kind': 'low', 'label': 'HL'}",0.07500076293945312,0.19166692097981772,1396.0,243.0,247.37500381469727,1396,wait_right_shoulder_entry,True
"('inverse_head_shoulders', 1373, 1377, 1382, 1405, 1415)",inverse_head_shoulders,inverse_head_shoulders_right_shoulder_entry,rising,"{'idx': 1377, 'confirm_idx': 1379, 'price': 243.39999389648438, 'kind': 'high', 'label': 'LH'}","{'idx': 1405, 'confirm_idx': 1407, 'price': 244.8000030517578, 'kind': 'high', 'label': 'HH'}","{'idx': 1382, 'confirm_idx': 1384, 'price': 240.6999969482422, 'kind': 'low', 'label': 'LL'}","{'idx': 1415, 'confirm_idx': 1417, 'price': 241.39999389648438, 'kind': 'low', 'label': 'HL'}",0.05000032697405134,0.021212028734611744,1417.0,241.39999389648438,247.75000163487024,1417,wait_right_shoulder_entry,True
"('inverse_head_shoulders', 1552, 1554, 1561, 1585, 1591)",inverse_head_shoulders,inverse_head_shoulders_right_shoulder_entry,rising,"{'idx': 1554, 'confirm_idx': 1556, 'price': 234.8000030517578, 'kind': 'high', 'label': 'LH'}","{'idx': 1585, 'confirm_idx': 1587, 'price': 241.5, 'kind': 'high', 'label': 'HH'}","{'idx': 1561, 'confirm_idx': 1563, 'price': 232.1999969482422, 'kind': 'low', 'label': 'LL'}","{'idx': 1591, 'confirm_idx': 1593, 'price': 236.89999389648438, 'kind': 'low', 'label': 'HL'}",0.21612893381426412,0.15666656494140624,1593.0,236.89999389648438,245.61290864021547,1593,wait_right_shoulder_entry,True
"('inverse_head_shoulders', 1552, 1554, 1561, 1602, 1605)",inverse_head_shoulders,inverse_head_shoulders_right_shoulder_entry,rising,"{'idx': 1554, 'confirm_idx': 1556, 'price': 234.8000030517578, 'kind': 'high', 'label': 'LH'}","{'idx': 1602, 'confirm_idx': 1604, 'price': 240.8000030517578, 'kind': 'high', 'label': 'LH'}","{'idx': 1561, 'confirm_idx': 1563, 'price': 232.1999969482422, 'kind': 'low', 'label': 'LL'}","{'idx': 1605, 'confirm_idx': 1607, 'price': 240.0, 'kind': 'low', 'label': 'HL'}",0.125,0.17727279663085938,1607.0,240.0,244.27500915527344,1607,wait_right_shoulder_entry,True
"('inverse_head_shoulders', 1617, 1619, 1627, 1630, 1634)",inverse_head_shoulders,inverse_head_shoulders_right_shoulder_entry,rising,"{'idx': 1619, 'confirm_idx': 1625, 'price': 239.3000030517578, 'kind': 'high', 'label': 'LH'}","{'idx': 1630, 'confirm_idx': 1632, 'price': 239.6999969482422, 'kind': 'high', 'label': 'HH'}","{'idx': 1627, 'confirm_idx': 1629, 'price': 238.39999389648438, 'kind': 'low', 'label': 'LL'}","{'idx': 1634, 'confirm_idx': 1636, 'price': 239.0, 'kind': 'low', 'label': 'HL'}",0.036363081498579544,0.08571515764508929,1636.0,239.0,240.89091075550425,1636,wait_right_shoulder_entry,True
"('inverse_head_shoulders', 1617, 1619, 1627, 1640, 1643)",inverse_head_shoulders,inverse_head_shoulders_right_shoulder_entry,rising,"{'idx': 1619, 'confirm_idx': 1625, 'price': 239.3000030517578, 'kind': 'high', 'label': 'LH'}","{'idx': 1640, 'confirm_idx': 1642, 'price': 240.10000610351562, 'kind': 'high', 'label': 'HH'}","{'idx': 1627, 'confirm_idx': 1629, 'price': 238.39999389648438, 'kind': 'low', 'label': 'LL'}","{'idx': 1643, 'confirm_idx': 1645, 'price': 239.3000030517578, 'kind': 'low', 'label': 'HL'}",0.03809538341703869,0.056250572204589844,1645.0,239.3000030517578,241.30477832612536,1645,wait_right_shoulder_entry,True
"('inverse_head_shoulders', 1617, 1619, 1627, 1658, 1660)",inverse_head_shoulders,inverse_head_shoulders_right_shoulder_entry,rising,"{'idx': 1619, 'confirm_idx': 1625, 'price': 239.3000030517578, 'kind': 'high', 'label': 'LH'}","{'idx': 1658, 'confirm_idx': 1660, 'price': 245.3000030517578, 'kind': 'high', 'label': 'HH'}","{'idx': 1627, 'confirm_idx': 1629, 'price': 238.39999389648438, 'kind': 'low', 'label': 'LL'}","{'idx': 1660, 'confirm_idx': 1662, 'price': 242.1999969482422, 'kind': 'low', 'label': 'HL'}",0.15384615384615385,0.11515160762902463,1662.0,242.1999969482422,247.43078143780048,1662,wait_right_shoulder_entry,True
"('inverse_head_shoulders', 1617, 1619, 1627, 1663, 1665)",inverse_head_shoulders,inverse_head_shoulders_right_shoulder_entry,rising,"{'idx': 1619, 'confirm_idx': 1625, 'price': 239.3000030517578, 'kind': 'high', 'label': 'LH'}","{'idx': 1663, 'confirm_idx': 1665, 'price': 245.1999969482422, 'kind': 'high', 'label': 'LH'}","{'idx': 1627, 'confirm_idx': 1629, 'price': 238.39999389648438, 'kind': 'low', 'label': 'LL'}","{'idx': 1665, 'confirm_idx': 1667, 'price': 242.60000610351562, 'kind': 'low', 'label': 'HL'}",0.1340907703746449,0.11052663702713816,1667.0,242.60000610351562,247.17273226651278,1667,wait_right_shoulder_entry,True
"('inverse_head_shoulders', 1617, 1619, 1627, 1667, 1672)",inverse_head_shoulders,inverse_head_shoulders_right_shoulder_entry,rising,"{'idx': 1619, 'confirm_idx': 1625, 'price': 239.3000030517578, 'kind': 'high', 'label': 'LH'}","{'idx': 1667, 'confirm_idx': 1669, 'price': 244.8000030517578, 'kind': 'high', 'label': 'LH'}","{'idx': 1627, 'confirm_idx': 1629, 'price': 238.39999389648438, 'kind': 'low', 'label': 'LL'}","{'idx': 1672, 'confirm_idx': 1674, 'price': 243.1999969482422, 'kind': 'low', 'label': 'HL'}",0.11458333333333333,0.10666673448350694,1674.0,243.1999969482422,246.6166788736979,1674,wait_right_shoulder_entry,True
"('inverse_head_shoulders', 1617, 1619, 1627, 1683, 1685)",inverse_head_shoulders,inverse_head_shoulders_right_shoulder_entry,rising,"{'idx': 1619, 'confirm_idx': 1625, 'price': 239.3000030517578, 'kind': 'high', 'label': 'LH'}","{'idx': 1683, 'confirm_idx': 1685, 'price': 243.39999389648438, 'kind': 'high', 'label': 'LH'}","{'idx': 1627, 'confirm_idx': 1629, 'price': 238.39999389648438, 'kind': 'low', 'label': 'LL'}","{'idx': 1685, 'confirm_idx': 1687, 'price': 241.8000030517578, 'kind': 'low', 'label': 'HL'}",0.06406235694885254,0.05862084750471444,1687.0,241.8000030517578,244.81250190734863,1687,wait_right_shoulder_entry,True
"('inverse_head_shoulders', 1665, 1667, 1680, 1693, 1697)",inverse_head_shoulders,inverse_head_shoulders_right_shoulder_entry,rising,"{'idx': 1667, 'confirm_idx': 1669, 'price': 244.8000030517578, 'kind': 'high', 'label': 'LH'}","{'idx': 1693, 'confirm_idx': 1695, 'price': 245.6999969482422, 'kind': 'high', 'label': 'HH'}","{'idx': 1680, 'confirm_idx': 1682, 'price': 238.1999969482422, 'kind': 'low', 'label': 'LL'}","{'idx': 1697, 'confirm_idx': 1699, 'price': 243.0, 'kind': 'low', 'label': 'HL'}",0.03461514986478365,0.28235312069163604,1699.0,243.0,252.75,1699,wait_right_shoulder_entry,True
"('inverse_head_shoulders', 1665, 1667, 1680, 1693, 1723)",inverse_head_shoulders,inverse_head_shoulders_right_shoulder_entry,rising,"{'idx': 1667, 'confirm_idx': 1669, 'price': 244.8000030517578, 'kind': 'high', 'label': 'LH'}","{'idx': 1693, 'confirm_idx': 1695, 'price': 245.6999969482422, 'kind': 'high', 'label': 'HH'}","{'idx': 1680, 'confirm_idx': 1682, 'price': 238.1999969482422, 'kind': 'low', 'label': 'LL'}","{'idx': 1723, 'confirm_idx': 1725, 'price': 241.60000610351562, 'kind': 'low', 'label': 'HL'}",0.03461514986478365,0.07906998035519622,1725.0,241.60000610351562,252.75,1725,wait_right_shoulder_entry,True
"('bullish_pennant', 1706, 1710, 1720, 1723, 1729)",bullish_pennant,bullish_pennant_bounce,,"{'idx': 1706, 'confirm_idx': 1708, 'price': 243.39999389648438, 'kind': 'high', 'label': 'LH'}","{'idx': 1720, 'confirm_idx': 1722, 'price': 243.0, 'kind': 'high', 'label': 'LH'}","{'idx': 1710, 'confirm_idx': 1712, 'price': 240.8000030517578, 'kind': 'low', 'label': 'LL'}","{'idx': 1723, 'confirm_idx': 1725, 'price': 241.60000610351562, 'kind': 'low', 'label': 'HL'}",-0.028570992606026784,0.0615386962890625,,241.60000610351562,243.0,1731,wait_pennant_support,False
"('inverse_head_shoulders', 1665, 1667, 1680, 1693, 1733)",inverse_head_shoulders,inverse_head_shoulders_right_shoulder_entry,rising,"{'idx': 1667, 'confirm_idx': 1669, 'price': 244.8000030517578, 'kind': 'high', 'label': 'LH'}","{'idx': 1693, 'confirm_idx': 1695, 'price': 245.6999969482422, 'kind': 'high', 'label': 'HH'}","{'idx': 1680, 'confirm_idx': 1682, 'price': 238.1999969482422, 'kind': 'low', 'label': 'LL'}","{'idx': 1733, 'confirm_idx': 1737, 'price': 242.0, 'kind': 'low', 'label': 'HL'}",0.03461514986478365,0.07169817078788325,1737.0,242.0,252.75,1737,wait_right_shoulder_entry,True
"('inverse_head_shoulders', 1703, 1706, 1710, 1744, 1750)",inverse_head_shoulders,inverse_head_shoulders_right_shoulder_entry,rising,"{'idx': 1706, 'confirm_idx': 1708, 'price': 243.39999389648438, 'kind': 'high', 'label': 'LH'}","{'idx': 1744, 'confirm_idx': 1746, 'price': 244.0, 'kind': 'high', 'label': 'HH'}","{'idx': 1710, 'confirm_idx': 1712, 'price': 240.8000030517578, 'kind': 'low', 'label': 'LL'}","{'idx': 1750, 'confirm_idx': 1752, 'price': 243.10000610351562, 'kind': 'low', 'label': 'HL'}",0.015789634303042765,0.05750007629394531,1752.0,243.10000610351562,246.66314938193872,1752,wait_right_shoulder_entry,True
"('inverse_head_shoulders', 1703, 1706, 1710, 1757, 1762)",inverse_head_shoulders,inverse_head_shoulders_right_shoulder_entry,rising,"{'idx': 1706, 'confirm_idx': 1708, 'price': 243.39999389648438, 'kind': 'high', 'label': 'LH'}","{'idx': 1757, 'confirm_idx': 1759, 'price': 249.3000030517578, 'kind': 'high', 'label': 'HH'}","{'idx': 1710, 'confirm_idx': 1712, 'price': 240.8000030517578, 'kind': 'low', 'label': 'LL'}","{'idx': 1762, 'confirm_idx': 1764, 'price': 247.39999389648438, 'kind': 'low', 'label': 'HL'}",0.11568645402496937,0.1269229008601262,1764.0,247.39999389648438,252.36273971258424,1764,wait_right_shoulder_entry,True
"('inverse_head_shoulders', 1703, 1706, 1710, 1769, 1771)",inverse_head_shoulders,inverse_head_shoulders_right_shoulder_entry,rising,"{'idx': 1706, 'confirm_idx': 1708, 'price': 243.39999389648438, 'kind': 'high', 'label': 'LH'}","{'idx': 1769, 'confirm_idx': 1771, 'price': 249.6999969482422, 'kind': 'high', 'label': 'HH'}","{'idx': 1710, 'confirm_idx': 1712, 'price': 240.8000030517578, 'kind': 'low', 'label': 'LL'}","{'idx': 1771, 'confirm_idx': 1773, 'price': 248.6999969482422, 'kind': 'low', 'label': 'HL'}",0.1000000484406002,0.12950809666367827,1773.0,248.6999969482422,252.69998798673114,1773,wait_right_shoulder_entry,True
"('inverse_head_shoulders', 1703, 1706, 1710, 1776, 1778)",inverse_head_shoulders,inverse_head_shoulders_right_shoulder_entry,rising,"{'idx': 1706, 'confirm_idx': 1708, 'price': 243.39999389648438, 'kind': 'high', 'label': 'LH'}","{'idx': 1776, 'confirm_idx': 1778, 'price': 252.75, 'kind': 'high', 'label': 'HH'}","{'idx': 1710, 'confirm_idx': 1712, 'price': 240.8000030517578, 'kind': 'low', 'label': 'LL'}","{'idx': 1778, 'confirm_idx': 1780, 'price': 249.5, 'kind': 'low', 'label': 'HL'}",0.13357151576450893,0.12794113159179688,1780.0,249.5,255.8842769077846,1780,wait_right_shoulder_entry,True
"('inverse_head_shoulders', 1916, 1919, 1927, 1932, 1934)",inverse_head_shoulders,inverse_head_shoulders_right_shoulder_entry,rising,"{'idx': 1919, 'confirm_idx': 1921, 'price': 229.1999969482422, 'kind': 'high', 'label': 'LH'}","{'idx': 1932, 'confirm_idx': 1934, 'price': 233.0, 'kind': 'high', 'label': 'HH'}","{'idx': 1927, 'confirm_idx': 1929, 'price': 227.39999389648438, 'kind': 'low', 'label': 'LL'}","{'idx': 1934, 'confirm_idx': 1937, 'price': 231.89999389648438, 'kind': 'low', 'label': 'HL'}",0.2923079270582933,0.6428571428571429,1937.0,231.89999389648438,237.13846646822415,1937,wait_right_shoulder_entry,True
"('inverse_head_shoulders', 1916, 1919, 1927, 1939, 1946)",inverse_head_shoulders,inverse_head_shoulders_right_shoulder_entry,rising,"{'idx': 1919, 'confirm_idx': 1921, 'price': 229.1999969482422, 'kind': 'high', 'label': 'LH'}","{'idx': 1939, 'confirm_idx': 1943, 'price': 233.60000610351562, 'kind': 'high', 'label': 'HH'}","{'idx': 1927, 'confirm_idx': 1929, 'price': 227.39999389648438, 'kind': 'low', 'label': 'LL'}","{'idx': 1946, 'confirm_idx': 1948, 'price': 232.3000030517578, 'kind': 'low', 'label': 'HL'}",0.22000045776367189,0.257895218698602,1948.0,232.3000030517578,237.1600128173828,1948,wait_right_shoulder_entry,True
"('inverse_head_shoulders', 1946, 1948, 1953, 1957, 1962)",inverse_head_shoulders,inverse_head_shoulders_right_shoulder_entry,rising,"{'idx': 1948, 'confirm_idx': 1950, 'price': 232.89999389648438, 'kind': 'high', 'label': 'LH'}","{'idx': 1957, 'confirm_idx': 1959, 'price': 233.10000610351562, 'kind': 'high', 'label': 'HH'}","{'idx': 1953, 'confirm_idx': 1955, 'price': 231.8000030517578, 'kind': 'low', 'label': 'LL'}","{'idx': 1962, 'confirm_idx': 1964, 'price': 232.10000610351562, 'kind': 'low', 'label': 'HL'}",0.022223578559027776,0.033333672417534724,1964.0,232.10000610351562,234.31111484103732,1964,wait_right_shoulder_entry,True
"('inverse_head_shoulders', 1946, 1948, 1953, 1976, 1978)",inverse_head_shoulders,inverse_head_shoulders_right_shoulder_entry,rising,"{'idx': 1948, 'confirm_idx': 1950, 'price': 232.89999389648438, 'kind': 'high', 'label': 'LH'}","{'idx': 1976, 'confirm_idx': 1978, 'price': 236.8000030517578, 'kind': 'high', 'label': 'HH'}","{'idx': 1953, 'confirm_idx': 1955, 'price': 231.8000030517578, 'kind': 'low', 'label': 'LL'}","{'idx': 1978, 'confirm_idx': 1980, 'price': 235.3000030517578, 'kind': 'low', 'label': 'HL'}",0.13928604125976562,0.14,1980.0,235.3000030517578,238.5964241027832,1980,wait_right_shoulder_entry,True
"('inverse_head_shoulders', 1978, 1980, 1985, 1988, 1993)",inverse_head_shoulders,inverse_head_shoulders_right_shoulder_entry,rising,"{'idx': 1980, 'confirm_idx': 1982, 'price': 236.1999969482422, 'kind': 'high', 'label': 'LH'}","{'idx': 1988, 'confirm_idx': 1990, 'price': 237.10000610351562, 'kind': 'high', 'label': 'HH'}","{'idx': 1985, 'confirm_idx': 1987, 'price': 234.10000610351562, 'kind': 'low', 'label': 'LL'}","{'idx': 1993, 'confirm_idx': 1995, 'price': 236.0, 'kind': 'low', 'label': 'HL'}",0.11250114440917969,0.23749923706054688,1995.0,236.0,239.7625026702881,1995,wait_right_shoulder_entry,True
"('inverse_head_shoulders', 1978, 1980, 1985, 1995, 2000)",inverse_head_shoulders,inverse_head_shoulders_right_shoulder_entry,rising,"{'idx': 1980, 'confirm_idx': 1982, 'price': 236.1999969482422, 'kind': 'high', 'label': 'LH'}","{'idx': 1995, 'confirm_idx': 1997, 'price': 237.0, 'kind': 'high', 'label': 'LH'}","{'idx': 1985, 'confirm_idx': 1987, 'price': 234.10000610351562, 'kind': 'low', 'label': 'LL'}","{'idx': 2000, 'confirm_idx': 2002, 'price': 236.3000030517578, 'kind': 'low', 'label': 'HL'}",0.05333353678385417,0.14666646321614582,2002.0,236.3000030517578,239.36665852864584,2002,wait_right_shoulder_entry,True
"('inverse_head_shoulders', 1978, 1980, 1985, 2005, 2012)",inverse_head_shoulders,inverse_head_shoulders_right_shoulder_entry,rising,"{'idx': 1980, 'confirm_idx': 1982, 'price': 236.1999969482422, 'kind': 'high', 'label': 'LH'}","{'idx': 2005, 'confirm_idx': 2007, 'price': 238.39999389648438, 'kind': 'high', 'label': 'HH'}","{'idx': 1985, 'confirm_idx': 1987, 'price': 234.10000610351562, 'kind': 'low', 'label': 'LL'}","{'idx': 2012, 'confirm_idx': 2014, 'price': 236.60000610351562, 'kind': 'low', 'label': 'HL'}",0.0879998779296875,0.09259259259259259,2014.0,236.60000610351562,240.9399841308594,2014,wait_right_shoulder_entry,True
"('inverse_head_shoulders', 1978, 1980, 1985, 2023, 2025)",inverse_head_shoulders,inverse_head_shoulders_right_shoulder_entry,rising,"{'idx': 1980, 'confirm_idx': 1982, 'price': 236.1999969482422, 'kind': 'high', 'label': 'LH'}","{'idx': 2023, 'confirm_idx': 2025, 'price': 237.6999969482422, 'kind': 'high', 'label': 'HH'}","{'idx': 1985, 'confirm_idx': 1987, 'price': 234.10000610351562, 'kind': 'low', 'label': 'LL'}","{'idx': 2025, 'confirm_idx': 2027, 'price': 236.89999389648438, 'kind': 'low', 'label': 'HL'}",0.03488372093023256,0.06999969482421875,2027.0,236.89999389648438,239.9744063976199,2027,wait_right_shoulder_entry,True
"('inverse_head_shoulders', 1978, 1980, 1985, 2035, 2041)",inverse_head_shoulders,inverse_head_shoulders_right_shoulder_entry,rising,"{'idx': 1980, 'confirm_idx': 1982, 'price': 236.1999969482422, 'kind': 'high', 'label': 'LH'}","{'idx': 2035, 'confirm_idx': 2037, 'price': 240.89999389648438, 'kind': 'high', 'label': 'HH'}","{'idx': 1985, 'confirm_idx': 1987, 'price': 234.10000610351562, 'kind': 'low', 'label': 'LL'}","{'idx': 2041, 'confirm_idx': 2043, 'price': 239.0, 'kind': 'low', 'label': 'HL'}",0.08545448996803977,0.08749989100864955,2043.0,239.0,243.42725719105113,2043,wait_right_shoulder_entry,True
"('inverse_head_shoulders', 1978, 1980, 1985, 2047, 2054)",inverse_head_shoulders,inverse_head_shoulders_right_shoulder_entry,rising,"{'idx': 1980, 'confirm_idx': 1982, 'price': 236.1999969482422, 'kind': 'high', 'label': 'LH'}","{'idx': 2047, 'confirm_idx': 2049, 'price': 241.8000030517578, 'kind': 'high', 'label': 'HH'}","{'idx': 1985, 'confirm_idx': 1987, 'price': 234.10000610351562, 'kind': 'low', 'label': 'LL'}","{'idx': 2054, 'confirm_idx': 2056, 'price': 239.3000030517578, 'kind': 'low', 'label': 'HL'}",0.08358218064948694,0.07536227461220561,2056.0,239.3000030517578,244.31790479973182,2056,wait_right_shoulder_entry,True
"('inverse_head_shoulders', 2096, 2098, 2102, 2117, 2133)",inverse_head_shoulders,inverse_head_shoulders_right_shoulder_entry,rising,"{'idx': 2098, 'confirm_idx': 2100, 'price': 239.89999389648438, 'kind': 'high', 'label': 'LH'}","{'idx': 2117, 'confirm_idx': 2119, 'price': 240.39999389648438, 'kind': 'high', 'label': 'HH'}","{'idx': 2102, 'confirm_idx': 2104, 'price': 237.60000610351562, 'kind': 'low', 'label': 'LL'}","{'idx': 2133, 'confirm_idx': 2135, 'price': 238.0, 'kind': 'low', 'label': 'HL'}",0.02631578947368421,0.012903028918850807,2135.0,238.0,242.80524484734786,2135,wait_right_shoulder_entry,True
"('inverse_head_shoulders', 2096, 2098, 2102, 2117, 2141)",inverse_head_shoulders,inverse_head_shoulders_right_shoulder_entry,rising,"{'idx': 2098, 'confirm_idx': 2100, 'price': 239.89999389648438, 'kind': 'high', 'label': 'LH'}","{'idx': 2117, 'confirm_idx': 2119, 'price': 240.39999389648438, 'kind': 'high', 'label': 'HH'}","{'idx': 2102, 'confirm_idx': 2104, 'price': 237.60000610351562, 'kind': 'low', 'label': 'LL'}","{'idx': 2141, 'confirm_idx': 2143, 'price': 238.6999969482422, 'kind': 'low', 'label': 'HL'}",0.02631578947368421,0.028204893454527244,2143.0,238.6999969482422,242.80524484734786,2143,wait_right_shoulder_entry,True
"('inverse_head_shoulders', 2229, 2232, 2257, 2269, 2272)",inverse_head_shoulders,inverse_head_shoulders_right_shoulder_entry,rising,"{'idx': 2232, 'confirm_idx': 2234, 'price': 231.0, 'kind': 'high', 'label': 'LH'}","{'idx': 2269, 'confirm_idx': 2272, 'price': 237.39999389648438, 'kind': 'high', 'label': 'HH'}","{'idx': 2257, 'confirm_idx': 2259, 'price': 228.8000030517578, 'kind': 'low', 'label': 'LL'}","{'idx': 2272, 'confirm_idx': 2274, 'price': 235.89999389648438, 'kind': 'low', 'label': 'HL'}",0.17297280801309123,0.4733327229817708,2274.0,235.89999389648438,243.92431104505386,2274,wait_right_shoulder_entry,True
"('inverse_head_shoulders', 2229, 2232, 2257, 2294, 2299)",inverse_head_shoulders,inverse_head_shoulders_right_shoulder_entry,rising,"{'idx': 2232, 'confirm_idx': 2234, 'price': 231.0, 'kind': 'high', 'label': 'LH'}","{'idx': 2294, 'confirm_idx': 2296, 'price': 234.10000610351562, 'kind': 'high', 'label': 'LH'}","{'idx': 2257, 'confirm_idx': 2259, 'price': 228.8000030517578, 'kind': 'low', 'label': 'LL'}","{'idx': 2299, 'confirm_idx': 2301, 'price': 233.0, 'kind': 'low', 'label': 'HL'}",0.050000098443800406,0.09999992733909971,2301.0,233.0,237.55000551285283,2301,wait_right_shoulder_entry,True
"('inverse_head_shoulders', 2281, 2283, 2288, 2310, 2315)",inverse_head_shoulders,inverse_head_shoulders_right_shoulder_entry,rising,"{'idx': 2283, 'confirm_idx': 2285, 'price': 235.0, 'kind': 'high', 'label': 'LH'}","{'idx': 2310, 'confirm_idx': 2312, 'price': 235.39999389648438, 'kind': 'high', 'label': 'HH'}","{'idx': 2288, 'confirm_idx': 2290, 'price': 232.60000610351562, 'kind': 'low', 'label': 'LL'}","{'idx': 2315, 'confirm_idx': 2317, 'price': 234.1999969482422, 'kind': 'low', 'label': 'HL'}",0.014814588758680556,0.05925892017505787,2317.0,234.1999969482422,237.87406073676215,2317,wait_right_shoulder_entry,True
"('inverse_head_shoulders', 2281, 2283, 2288, 2321, 2323)",inverse_head_shoulders,inverse_head_shoulders_right_shoulder_entry,rising,"{'idx': 2283, 'confirm_idx': 2285, 'price': 235.0, 'kind': 'high', 'label': 'LH'}","{'idx': 2321, 'confirm_idx': 2323, 'price': 235.6999969482422, 'kind': 'high', 'label': 'HH'}","{'idx': 2288, 'confirm_idx': 2290, 'price': 232.60000610351562, 'kind': 'low', 'label': 'LL'}","{'idx': 2323, 'confirm_idx': 2325, 'price': 234.6999969482422, 'kind': 'low', 'label': 'HL'}",0.01842097232216283,0.05999973842075893,2325.0,234.6999969482422,238.19209570633737,2325,wait_right_shoulder_entry,True
"('inverse_head_shoulders', 2281, 2283, 2288, 2327, 2333)",inverse_head_shoulders,inverse_head_shoulders_right_shoulder_entry,rising,"{'idx': 2283, 'confirm_idx': 2285, 'price': 235.0, 'kind': 'high', 'label': 'LH'}","{'idx': 2327, 'confirm_idx': 2329, 'price': 235.89999389648438, 'kind': 'high', 'label': 'HH'}","{'idx': 2288, 'confirm_idx': 2290, 'price': 232.60000610351562, 'kind': 'low', 'label': 'LL'}","{'idx': 2333, 'confirm_idx': 2335, 'price': 234.8000030517578, 'kind': 'low', 'label': 'HL'}",0.02045440673828125,0.04888882107204861,2335.0,234.8000030517578,238.40225982666016,2335,wait_right_shoulder_entry,True
"('inverse_head_shoulders', 2281, 2283, 2288, 2335, 2339)",inverse_head_shoulders,inverse_head_shoulders_right_shoulder_entry,rising,"{'idx': 2283, 'confirm_idx': 2285, 'price': 235.0, 'kind': 'high', 'label': 'LH'}","{'idx': 2335, 'confirm_idx': 2339, 'price': 235.60000610351562, 'kind': 'high', 'label': 'LH'}","{'idx': 2288, 'confirm_idx': 2290, 'price': 232.60000610351562, 'kind': 'low', 'label': 'LL'}","{'idx': 2339, 'confirm_idx': 2341, 'price': 235.0, 'kind': 'low', 'label': 'HL'}",0.01153857891376202,0.0470587038526348,2341.0,235.0,238.05769289456882,2341,wait_right_shoulder_entry,True
"('inverse_head_shoulders', 2333, 2335, 2350, 2357, 2360)",inverse_head_shoulders,inverse_head_shoulders_right_shoulder_entry,rising,"{'idx': 2335, 'confirm_idx': 2339, 'price': 235.60000610351562, 'kind': 'high', 'label': 'LH'}","{'idx': 2357, 'confirm_idx': 2359, 'price': 238.89999389648438, 'kind': 'high', 'label': 'HH'}","{'idx': 2350, 'confirm_idx': 2352, 'price': 233.39999389648438, 'kind': 'low', 'label': 'LL'}","{'idx': 2360, 'confirm_idx': 2362, 'price': 235.1999969482422, 'kind': 'low', 'label': 'HL'}",0.14999944513494318,0.18000030517578125,2362.0,235.1999969482422,243.34999778053978,2362,wait_right_shoulder_entry,True
"('inverse_head_shoulders', 2385, 2391, 2421, 2424, 2433)",inverse_head_shoulders,inverse_head_shoulders_right_shoulder_entry,rising,"{'idx': 2391, 'confirm_idx': 2394, 'price': 233.1999969482422, 'kind': 'high', 'label': 'LH'}","{'idx': 2424, 'confirm_idx': 2426, 'price': 236.60000610351562, 'kind': 'high', 'label': 'HH'}","{'idx': 2421, 'confirm_idx': 2423, 'price': 230.3000030517578, 'kind': 'low', 'label': 'LL'}","{'idx': 2433, 'confirm_idx': 2435, 'price': 233.39999389648438, 'kind': 'low', 'label': 'HL'}",0.10303058046283144,0.2583325703938802,2435.0,233.39999389648438,242.59091741388494,2435,wait_right_shoulder_entry,True
"('inverse_head_shoulders', 2385, 2391, 2421, 2435, 2437)",inverse_head_shoulders,inverse_head_shoulders_right_shoulder_entry,rising,"{'idx': 2391, 'confirm_idx': 2394, 'price': 233.1999969482422, 'kind': 'high', 'label': 'LH'}","{'idx': 2435, 'confirm_idx': 2437, 'price': 234.6999969482422, 'kind': 'high', 'label': 'LH'}","{'idx': 2421, 'confirm_idx': 2423, 'price': 230.3000030517578, 'kind': 'low', 'label': 'LL'}","{'idx': 2437, 'confirm_idx': 2439, 'price': 233.8000030517578, 'kind': 'low', 'label': 'HL'}",0.03409090909090909,0.21875,2439.0,233.8000030517578,238.62271811745384,2439,wait_right_shoulder_entry,True
"('inverse_head_shoulders', 2433, 2435, 2461, 2487, 2489)",inverse_head_shoulders,inverse_head_shoulders_right_shoulder_entry,rising,"{'idx': 2435, 'confirm_idx': 2437, 'price': 234.6999969482422, 'kind': 'high', 'label': 'LH'}","{'idx': 2487, 'confirm_idx': 2489, 'price': 235.6999969482422, 'kind': 'high', 'label': 'HH'}","{'idx': 2461, 'confirm_idx': 2463, 'price': 230.3000030517578, 'kind': 'low', 'label': 'LL'}","{'idx': 2489, 'confirm_idx': 2491, 'price': 233.6999969482422, 'kind': 'low', 'label': 'HL'}",0.019230769230769232,0.12142835344587054,2491.0,233.6999969482422,240.59999084472656,2491,wait_right_shoulder_entry,True
"('inverse_head_shoulders', 2489, 2491, 2513, 2523, 2535)",inverse_head_shoulders,inverse_head_shoulders_right_shoulder_entry,rising,"{'idx': 2491, 'confirm_idx': 2493, 'price': 234.3000030517578, 'kind': 'high', 'label': 'LH'}","{'idx': 2523, 'confirm_idx': 2525, 'price': 234.89999389648438, 'kind': 'high', 'label': 'LH'}","{'idx': 2513, 'confirm_idx': 2515, 'price': 232.6999969482422, 'kind': 'low', 'label': 'LL'}","{'idx': 2535, 'confirm_idx': 2537, 'price': 233.10000610351562, 'kind': 'low', 'label': 'HL'}",0.018749713897705078,0.018182234330610794,2537.0,233.10000610351562,236.9124937057495,2537,wait_right_shoulder_entry,True
"('inverse_head_shoulders', 2535, 2538, 2551, 2555, 2559)",inverse_head_shoulders,inverse_head_shoulders_right_shoulder_entry,rising,"{'idx': 2538, 'confirm_idx': 2540, 'price': 234.10000610351562, 'kind': 'high', 'label': 'LH'}","{'idx': 2555, 'confirm_idx': 2557, 'price': 236.6999969482422, 'kind': 'high', 'label': 'HH'}","{'idx': 2551, 'confirm_idx': 2553, 'price': 229.0, 'kind': 'low', 'label': 'LL'}","{'idx': 2559, 'confirm_idx': 2561, 'price': 233.1999969482422, 'kind': 'low', 'label': 'HL'}",0.1529406379250919,0.5249996185302734,2561.0,233.1999969482422,243.788231344784,2561,wait_right_shoulder_entry,True
"('inverse_head_shoulders', 2570, 2573, 2587, 2600, 2602)",inverse_head_shoulders,inverse_head_shoulders_right_shoulder_entry,rising,"{'idx': 2573, 'confirm_idx': 2575, 'price': 234.3000030517578, 'kind': 'high', 'label': 'LH'}","{'idx': 2600, 'confirm_idx': 2602, 'price': 234.8000030517578, 'kind': 'high', 'label': 'HH'}","{'idx': 2587, 'confirm_idx': 2589, 'price': 231.8000030517578, 'kind': 'low', 'label': 'LL'}","{'idx': 2602, 'confirm_idx': 2604, 'price': 233.8000030517578, 'kind': 'low', 'label': 'HL'}",0.018518518518518517,0.13333333333333333,2604.0,233.8000030517578,237.55926231101708,2604,wait_right_shoulder_entry,True
"('inverse_head_shoulders', 2570, 2573, 2587, 2609, 2612)",inverse_head_shoulders,inverse_head_shoulders_right_shoulder_entry,rising,"{'idx': 2573, 'confirm_idx': 2575, 'price': 234.3000030517578, 'kind': 'high', 'label': 'LH'}","{'idx': 2609, 'confirm_idx': 2611, 'price': 235.8000030517578, 'kind': 'high', 'label': 'HH'}","{'idx': 2587, 'confirm_idx': 2589, 'price': 231.8000030517578, 'kind': 'low', 'label': 'LL'}","{'idx': 2612, 'confirm_idx': 2614, 'price': 234.0, 'kind': 'low', 'label': 'HL'}",0.041666666666666664,0.0879998779296875,2614.0,234.0,238.88333638509116,2614,wait_right_shoulder_entry,True
"('inverse_head_shoulders', 2570, 2573, 2587, 2616, 2618)",inverse_head_shoulders,inverse_head_shoulders_right_shoulder_entry,rising,"{'idx': 2573, 'confirm_idx': 2575, 'price': 234.3000030517578, 'kind': 'high', 'label': 'LH'}","{'idx': 2616, 'confirm_idx': 2618, 'price': 235.60000610351562, 'kind': 'high', 'label': 'LH'}","{'idx': 2587, 'confirm_idx': 2589, 'price': 231.8000030517578, 'kind': 'low', 'label': 'LL'}","{'idx': 2618, 'confirm_idx': 2620, 'price': 234.39999389648438, 'kind': 'low', 'label': 'HL'}",0.0302326291106468,0.08387067241053428,2620.0,234.39999389648438,238.52326291106468,2620,wait_right_shoulder_entry,True
"('inverse_head_shoulders', 2700, 2702, 2705, 2709, 2728)",inverse_head_shoulders,inverse_head_shoulders_right_shoulder_entry,rising,"{'idx': 2702, 'confirm_idx': 2704, 'price': 226.8000030517578, 'kind': 'high', 'label': 'LH'}","{'idx': 2709, 'confirm_idx': 2711, 'price': 227.1999969482422, 'kind': 'high', 'label': 'HH'}","{'idx': 2705, 'confirm_idx': 2707, 'price': 225.6999969482422, 'kind': 'low', 'label': 'LL'}","{'idx': 2728, 'confirm_idx': 2730, 'price': 226.1999969482422, 'kind': 'low', 'label': 'HL'}",0.05714198521205357,0.021739130434782608,2730.0,226.1999969482422,228.47142900739397,2730,wait_right_shoulder_entry,True
"('inverse_head_shoulders', 2700, 2702, 2713, 2730, 2751)",inverse_head_shoulders,inverse_head_shoulders_right_shoulder_entry,rising,"{'idx': 2702, 'confirm_idx': 2704, 'price': 226.8000030517578, 'kind': 'high', 'label': 'LH'}","{'idx': 2730, 'confirm_idx': 2732, 'price': 227.0, 'kind': 'high', 'label': 'HH'}","{'idx': 2713, 'confirm_idx': 2715, 'price': 225.5, 'kind': 'low', 'label': 'LL'}","{'idx': 2751, 'confirm_idx': 2753, 'price': 225.8000030517578, 'kind': 'low', 'label': 'HL'}",0.007142748151506696,0.007894817151521382,2753.0,225.8000030517578,228.3785732814244,2753,wait_right_shoulder_entry,True
"('inverse_head_shoulders', 2713, 2726, 2741, 2754, 2758)",inverse_head_shoulders,inverse_head_shoulders_right_shoulder_entry,rising,"{'idx': 2726, 'confirm_idx': 2728, 'price': 226.8000030517578, 'kind': 'high', 'label': 'LH'}","{'idx': 2754, 'confirm_idx': 2756, 'price': 227.39999389648438, 'kind': 'high', 'label': 'HH'}","{'idx': 2741, 'confirm_idx': 2745, 'price': 225.1999969482422, 'kind': 'low', 'label': 'LL'}","{'idx': 2758, 'confirm_idx': 2760, 'price': 226.3000030517578, 'kind': 'low', 'label': 'HL'}",0.02142824445452009,0.06470624138327206,2760.0,226.3000030517578,229.3214236668178,2760,wait_right_shoulder_entry,True
"('inverse_head_shoulders', 2713, 2726, 2741, 2760, 2763)",inverse_head_shoulders,inverse_head_shoulders_right_shoulder_entry,rising,"{'idx': 2726, 'confirm_idx': 2728, 'price': 226.8000030517578, 'kind': 'high', 'label': 'LH'}","{'idx': 2760, 'confirm_idx': 2762, 'price': 228.60000610351562, 'kind': 'high', 'label': 'HH'}","{'idx': 2741, 'confirm_idx': 2745, 'price': 225.1999969482422, 'kind': 'low', 'label': 'LL'}","{'idx': 2763, 'confirm_idx': 2765, 'price': 227.3000030517578, 'kind': 'low', 'label': 'HL'}",0.052941266228170955,0.09545482288707387,2765.0,227.3000030517578,230.9941312004538,2765,wait_right_shoulder_entry,True
"('bullish_pennant', 2883, 2885, 2888, 2892, 2897)",bullish_pennant,bullish_pennant_bounce,,"{'idx': 2883, 'confirm_idx': 2885, 'price': 223.5, 'kind': 'high', 'label': 'LH'}","{'idx': 2888, 'confirm_idx': 2892, 'price': 223.3000030517578, 'kind': 'high', 'label': 'LH'}","{'idx': 2885, 'confirm_idx': 2887, 'price': 222.60000610351562, 'kind': 'low', 'label': 'LL'}","{'idx': 2892, 'confirm_idx': 2895, 'price': 222.6999969482422, 'kind': 'low', 'label': 'HL'}",-0.0399993896484375,0.014284406389508928,,222.6999969482422,223.3000030517578,2899,wait_pennant_support,True
"('inverse_head_shoulders', 2880, 2883, 2901, 2933, 2936)",inverse_head_shoulders,inverse_head_shoulders_right_shoulder_entry,rising,"{'idx': 2883, 'confirm_idx': 2885, 'price': 223.5, 'kind': 'high', 'label': 'LH'}","{'idx': 2933, 'confirm_idx': 2935, 'price': 223.89999389648438, 'kind': 'high', 'label': 'HH'}","{'idx': 2901, 'confirm_idx': 2908, 'price': 222.5, 'kind': 'low', 'label': 'LL'}","{'idx': 2936, 'confirm_idx': 2938, 'price': 223.39999389648438, 'kind': 'low', 'label': 'HL'}",0.0079998779296875,0.025714111328125,2938.0,223.39999389648438,225.04399169921874,2938,wait_right_shoulder_entry,True
"('inverse_head_shoulders', 2880, 2883, 2901, 2939, 2941)",inverse_head_shoulders,inverse_head_shoulders_right_shoulder_entry,rising,"{'idx': 2883, 'confirm_idx': 2885, 'price': 223.5, 'kind': 'high', 'label': 'LH'}","{'idx': 2939, 'confirm_idx': 2941, 'price': 227.5, 'kind': 'high', 'label': 'HH'}","{'idx': 2901, 'confirm_idx': 2908, 'price': 222.5, 'kind': 'low', 'label': 'LL'}","{'idx': 2941, 'confirm_idx': 2943, 'price': 225.39999389648438, 'kind': 'low', 'label': 'HL'}",0.07142857142857142,0.07249984741210938,2943.0,225.39999389648438,229.78571428571428,2943,wait_right_shoulder_entry,True
"('inverse_head_shoulders', 2961, 2964, 3015, 3022, 3024)",inverse_head_shoulders,inverse_head_shoulders_right_shoulder_entry,rising,"{'idx': 2964, 'confirm_idx': 2966, 'price': 225.6999969482422, 'kind': 'high', 'label': 'LH'}","{'idx': 3022, 'confirm_idx': 3024, 'price': 225.89999389648438, 'kind': 'high', 'label': 'LH'}","{'idx': 3015, 'confirm_idx': 3017, 'price': 224.6999969482422, 'kind': 'low', 'label': 'LL'}","{'idx': 3024, 'confirm_idx': 3026, 'price': 225.1999969482422, 'kind': 'low', 'label': 'HL'}",0.003448223245554957,0.05555555555555555,3026.0,225.1999969482422,227.07585328200767,3026,wait_right_shoulder_entry,True
"('inverse_head_shoulders', 3038, 3041, 3045, 3052, 3059)",inverse_head_shoulders,inverse_head_shoulders_right_shoulder_entry,rising,"{'idx': 3041, 'confirm_idx': 3043, 'price': 225.3000030517578, 'kind': 'high', 'label': 'LH'}","{'idx': 3052, 'confirm_idx': 3054, 'price': 225.8000030517578, 'kind': 'high', 'label': 'HH'}","{'idx': 3045, 'confirm_idx': 3047, 'price': 224.0, 'kind': 'low', 'label': 'LL'}","{'idx': 3059, 'confirm_idx': 3061, 'price': 224.6999969482422, 'kind': 'low', 'label': 'HL'}",0.045454545454545456,0.049999782017299106,3061.0,224.6999969482422,227.2818242853338,3061,wait_right_shoulder_entry,True
"('inverse_head_shoulders', 3133, 3135, 3165, 3182, 3184)",inverse_head_shoulders,inverse_head_shoulders_right_shoulder_entry,rising,"{'idx': 3135, 'confirm_idx': 3137, 'price': 221.5, 'kind': 'high', 'label': 'LH'}","{'idx': 3182, 'confirm_idx': 3184, 'price': 222.3000030517578, 'kind': 'high', 'label': 'HH'}","{'idx': 3165, 'confirm_idx': 3169, 'price': 219.10000610351562, 'kind': 'low', 'label': 'LL'}","{'idx': 3184, 'confirm_idx': 3186, 'price': 220.89999389648438, 'kind': 'low', 'label': 'HL'}",0.01702134152676197,0.09473619962993421,3186.0,220.89999389648438,225.21063719404503,3186,wait_right_shoulder_entry,True
"('inverse_head_shoulders', 3133, 3135, 3165, 3186, 3189)",inverse_head_shoulders,inverse_head_shoulders_right_shoulder_entry,rising,"{'idx': 3135, 'confirm_idx': 3137, 'price': 221.5, 'kind': 'high', 'label': 'LH'}","{'idx': 3186, 'confirm_idx': 3188, 'price': 222.6999969482422, 'kind': 'high', 'label': 'HH'}","{'idx': 3165, 'confirm_idx': 3169, 'price': 219.10000610351562, 'kind': 'low', 'label': 'LL'}","{'idx': 3189, 'confirm_idx': 3191, 'price': 222.0, 'kind': 'low', 'label': 'HL'}",0.0235293519263174,0.1208330790201823,3191.0,222.0,225.8058714025161,3191,wait_right_shoulder_entry,True
"('bullish_pennant', 3220, 3235, 3239, 3242, 3246)",bullish_pennant,bullish_pennant_bounce,,"{'idx': 3220, 'confirm_idx': 3222, 'price': 220.89999389648438, 'kind': 'high', 'label': 'LH'}","{'idx': 3239, 'confirm_idx': 3241, 'price': 219.6999969482422, 'kind': 'high', 'label': 'LH'}","{'idx': 3235, 'confirm_idx': 3237, 'price': 218.39999389648438, 'kind': 'low', 'label': 'LL'}","{'idx': 3242, 'confirm_idx': 3244, 'price': 218.8000030517578, 'kind': 'low', 'label': 'HL'}",-0.06315773411800987,0.0571441650390625,,218.8000030517578,219.6999969482422,3248,wait_pennant_support,False
"('bullish_pennant', 3220, 3235, 3239, 3242, 3268)",bullish_pennant,bullish_pennant_bounce,,"{'idx': 3220, 'confirm_idx': 3222, 'price': 220.89999389648438, 'kind': 'high', 'label': 'LH'}","{'idx': 3239, 'confirm_idx': 3241, 'price': 219.6999969482422, 'kind': 'high', 'label': 'LH'}","{'idx': 3235, 'confirm_idx': 3237, 'price': 218.39999389648438, 'kind': 'low', 'label': 'LL'}","{'idx': 3242, 'confirm_idx': 3244, 'price': 218.8000030517578, 'kind': 'low', 'label': 'HL'}",-0.06315773411800987,0.0571441650390625,,218.8000030517578,219.6999969482422,3270,wait_pennant_support,False
"('inverse_head_shoulders', 3249, 3251, 3254, 3268, 3270)",inverse_head_shoulders,inverse_head_shoulders_right_shoulder_entry,rising,"{'idx': 3251, 'confirm_idx': 3253, 'price': 217.89999389648438, 'kind': 'high', 'label': 'LH'}","{'idx': 3268, 'confirm_idx': 3270, 'price': 218.1999969482422, 'kind': 'high', 'label': 'HH'}","{'idx': 3254, 'confirm_idx': 3256, 'price': 216.5, 'kind': 'low', 'label': 'LL'}","{'idx': 3270, 'confirm_idx': 3272, 'price': 217.1999969482422, 'kind': 'low', 'label': 'HL'}",0.017647238338694853,0.04374980926513672,3272.0,217.1999969482422,219.65293255974265,3272,wait_right_shoulder_entry,True
"('inverse_head_shoulders', 3294, 3296, 3300, 3309, 3311)",inverse_head_shoulders,inverse_head_shoulders_right_shoulder_entry,rising,"{'idx': 3296, 'confirm_idx': 3298, 'price': 217.0, 'kind': 'high', 'label': 'LH'}","{'idx': 3309, 'confirm_idx': 3311, 'price': 218.10000610351562, 'kind': 'high', 'label': 'HH'}","{'idx': 3300, 'confirm_idx': 3302, 'price': 216.10000610351562, 'kind': 'low', 'label': 'LL'}","{'idx': 3311, 'confirm_idx': 3313, 'price': 217.0, 'kind': 'low', 'label': 'HL'}",0.08461585411658654,0.081817626953125,3313.0,217.0,219.33846341646634,3313,wait_right_shoulder_entry,True
"('inverse_head_shoulders', 3294, 3296, 3300, 3319, 3322)",inverse_head_shoulders,inverse_head_shoulders_right_shoulder_entry,rising,"{'idx': 3296, 'confirm_idx': 3298, 'price': 217.0, 'kind': 'high', 'label': 'LH'}","{'idx': 3319, 'confirm_idx': 3321, 'price': 218.10000610351562, 'kind': 'high', 'label': 'LH'}","{'idx': 3300, 'confirm_idx': 3302, 'price': 216.10000610351562, 'kind': 'low', 'label': 'LL'}","{'idx': 3322, 'confirm_idx': 3324, 'price': 217.10000610351562, 'kind': 'low', 'label': 'HL'}",0.047826352326766304,0.045454545454545456,3324.0,217.10000610351562,219.19130540930706,3324,wait_right_shoulder_entry,True
"('inverse_head_shoulders', 3270, 3272, 3317, 3333, 3336)",inverse_head_shoulders,inverse_head_shoulders_right_shoulder_entry,rising,"{'idx': 3272, 'confirm_idx': 3275, 'price': 217.6999969482422, 'kind': 'high', 'label': 'LH'}","{'idx': 3333, 'confirm_idx': 3335, 'price': 222.6999969482422, 'kind': 'high', 'label': 'HH'}","{'idx': 3317, 'confirm_idx': 3319, 'price': 216.89999389648438, 'kind': 'low', 'label': 'LL'}","{'idx': 3336, 'confirm_idx': 3338, 'price': 221.0, 'kind': 'low', 'label': 'HL'}",0.08196721311475409,0.215789794921875,3338.0,221.0,227.18852459016392,3338,wait_right_shoulder_entry,True
"('inverse_head_shoulders', 3375, 3377, 3381, 3393, 3395)",inverse_head_shoulders,inverse_head_shoulders_right_shoulder_entry,rising,"{'idx': 3377, 'confirm_idx': 3379, 'price': 216.6999969482422, 'kind': 'high', 'label': 'LH'}","{'idx': 3393, 'confirm_idx': 3395, 'price': 217.10000610351562, 'kind': 'high', 'label': 'HH'}","{'idx': 3381, 'confirm_idx': 3383, 'price': 215.5, 'kind': 'low', 'label': 'LL'}","{'idx': 3395, 'confirm_idx': 3397, 'price': 216.10000610351562, 'kind': 'low', 'label': 'HL'}",0.025000572204589844,0.042857578822544644,3397.0,216.10000610351562,218.40000534057617,3397,wait_right_shoulder_entry,True
"('inverse_head_shoulders', 3395, 3397, 3418, 3425, 3427)",inverse_head_shoulders,inverse_head_shoulders_right_shoulder_entry,rising,"{'idx': 3397, 'confirm_idx': 3399, 'price': 216.8000030517578, 'kind': 'high', 'label': 'LH'}","{'idx': 3425, 'confirm_idx': 3427, 'price': 219.39999389648438, 'kind': 'high', 'label': 'HH'}","{'idx': 3418, 'confirm_idx': 3420, 'price': 215.10000610351562, 'kind': 'low', 'label': 'LL'}","{'idx': 3427, 'confirm_idx': 3429, 'price': 218.0, 'kind': 'low', 'label': 'HL'}",0.09285681588309151,0.3222215440538194,3429.0,218.0,223.04998397827148,3429,wait_right_shoulder_entry,True
"('inverse_head_shoulders', 3395, 3397, 3418, 3432, 3437)",inverse_head_shoulders,inverse_head_shoulders_right_shoulder_entry,rising,"{'idx': 3397, 'confirm_idx': 3399, 'price': 216.8000030517578, 'kind': 'high', 'label': 'LH'}","{'idx': 3432, 'confirm_idx': 3434, 'price': 220.10000610351562, 'kind': 'high', 'label': 'HH'}","{'idx': 3418, 'confirm_idx': 3420, 'price': 215.10000610351562, 'kind': 'low', 'label': 'LL'}","{'idx': 3437, 'confirm_idx': 3439, 'price': 218.8000030517578, 'kind': 'low', 'label': 'HL'}",0.09428580147879465,0.19473668148643092,3439.0,218.8000030517578,223.7800048828125,3439,wait_right_shoulder_entry,True
"('inverse_head_shoulders', 3395, 3397, 3418, 3439, 3444)",inverse_head_shoulders,inverse_head_shoulders_right_shoulder_entry,rising,"{'idx': 3397, 'confirm_idx': 3399, 'price': 216.8000030517578, 'kind': 'high', 'label': 'LH'}","{'idx': 3439, 'confirm_idx': 3441, 'price': 219.6999969482422, 'kind': 'high', 'label': 'LH'}","{'idx': 3418, 'confirm_idx': 3420, 'price': 215.10000610351562, 'kind': 'low', 'label': 'LL'}","{'idx': 3444, 'confirm_idx': 3446, 'price': 218.89999389648438, 'kind': 'low', 'label': 'HL'}",0.06904747372581846,0.14615337665264422,3446.0,218.89999389648438,222.84999084472656,3446,wait_right_shoulder_entry,True
"('inverse_head_shoulders', 3461, 3463, 3487, 3497, 3499)",inverse_head_shoulders,inverse_head_shoulders_right_shoulder_entry,rising,"{'idx': 3463, 'confirm_idx': 3465, 'price': 218.8000030517578, 'kind': 'high', 'label': 'LH'}","{'idx': 3497, 'confirm_idx': 3499, 'price': 219.10000610351562, 'kind': 'high', 'label': 'LH'}","{'idx': 3487, 'confirm_idx': 3489, 'price': 217.60000610351562, 'kind': 'low', 'label': 'LL'}","{'idx': 3499, 'confirm_idx': 3501, 'price': 218.5, 'kind': 'low', 'label': 'HL'}",0.008823619169347426,0.07499949137369792,3501.0,218.5,220.51176991182214,3501,wait_right_shoulder_entry,True
"('inverse_head_shoulders', 3461, 3463, 3487, 3502, 3506)",inverse_head_shoulders,inverse_head_shoulders_right_shoulder_entry,rising,"{'idx': 3463, 'confirm_idx': 3465, 'price': 218.8000030517578, 'kind': 'high', 'label': 'LH'}","{'idx': 3502, 'confirm_idx': 3504, 'price': 219.8000030517578, 'kind': 'high', 'label': 'HH'}","{'idx': 3487, 'confirm_idx': 3489, 'price': 217.60000610351562, 'kind': 'low', 'label': 'LL'}","{'idx': 3506, 'confirm_idx': 3508, 'price': 218.5, 'kind': 'low', 'label': 'HL'}",0.02564102564102564,0.047368099814967105,3508.0,218.5,221.6153846153846,3508,wait_right_shoulder_entry,True
"('inverse_head_shoulders', 3444, 3446, 3513, 3522, 3528)",inverse_head_shoulders,inverse_head_shoulders_right_shoulder_entry,rising,"{'idx': 3446, 'confirm_idx': 3448, 'price': 219.5, 'kind': 'high', 'label': 'LH'}","{'idx': 3522, 'confirm_idx': 3524, 'price': 222.6999969482422, 'kind': 'high', 'label': 'HH'}","{'idx': 3513, 'confirm_idx': 3515, 'price': 218.39999389648438, 'kind': 'low', 'label': 'LL'}","{'idx': 3528, 'confirm_idx': 3530, 'price': 219.5, 'kind': 'low', 'label': 'HL'}",0.04210522300318668,0.073333740234375,3530.0,219.5,226.62105299297133,3530,wait_right_shoulder_entry,True
"('inverse_head_shoulders', 3579, 3583, 3598, 3603, 3607)",inverse_head_shoulders,inverse_head_shoulders_right_shoulder_entry,rising,"{'idx': 3583, 'confirm_idx': 3585, 'price': 218.8000030517578, 'kind': 'high', 'label': 'LH'}","{'idx': 3603, 'confirm_idx': 3605, 'price': 219.1999969482422, 'kind': 'high', 'label': 'HH'}","{'idx': 3598, 'confirm_idx': 3600, 'price': 217.3000030517578, 'kind': 'low', 'label': 'LL'}","{'idx': 3607, 'confirm_idx': 3609, 'price': 217.89999389648438, 'kind': 'low', 'label': 'HL'}",0.01999969482421875,0.0666656494140625,3609.0,217.89999389648438,220.99999237060547,3609,wait_right_shoulder_entry,True
"('inverse_head_shoulders', 3579, 3583, 3598, 3618, 3620)",inverse_head_shoulders,inverse_head_shoulders_right_shoulder_entry,rising,"{'idx': 3583, 'confirm_idx': 3585, 'price': 218.8000030517578, 'kind': 'high', 'label': 'LH'}","{'idx': 3618, 'confirm_idx': 3620, 'price': 220.39999389648438, 'kind': 'high', 'label': 'HH'}","{'idx': 3598, 'confirm_idx': 3600, 'price': 217.3000030517578, 'kind': 'low', 'label': 'LL'}","{'idx': 3620, 'confirm_idx': 3622, 'price': 218.60000610351562, 'kind': 'low', 'label': 'HL'}",0.04571402413504464,0.059091047807173294,3622.0,218.60000610351562,222.58570425851005,3622,wait_right_shoulder_entry,True
"('inverse_head_shoulders', 3579, 3583, 3598, 3625, 3633)",inverse_head_shoulders,inverse_head_shoulders_right_shoulder_entry,rising,"{'idx': 3583, 'confirm_idx': 3585, 'price': 218.8000030517578, 'kind': 'high', 'label': 'LH'}","{'idx': 3625, 'confirm_idx': 3627, 'price': 221.39999389648438, 'kind': 'high', 'label': 'HH'}","{'idx': 3598, 'confirm_idx': 3600, 'price': 217.3000030517578, 'kind': 'low', 'label': 'LL'}","{'idx': 3633, 'confirm_idx': 3635, 'price': 219.1999969482422, 'kind': 'low', 'label': 'HL'}",0.06190454392206101,0.05428553989955357,3635.0,219.1999969482422,223.8285620553153,3635,wait_right_shoulder_entry,True
"('inverse_head_shoulders', 3579, 3583, 3598, 3639, 3641)",inverse_head_shoulders,inverse_head_shoulders_right_shoulder_entry,rising,"{'idx': 3583, 'confirm_idx': 3585, 'price': 218.8000030517578, 'kind': 'high', 'label': 'LH'}","{'idx': 3639, 'confirm_idx': 3641, 'price': 221.5, 'kind': 'high', 'label': 'HH'}","{'idx': 3598, 'confirm_idx': 3600, 'price': 217.3000030517578, 'kind': 'low', 'label': 'LL'}","{'idx': 3641, 'confirm_idx': 3643, 'price': 220.89999389648438, 'kind': 'low', 'label': 'HL'}",0.048214231218610494,0.08372071731922238,3643.0,220.89999389648438,223.72321346827917,3643,wait_right_shoulder_entry,True
"('inverse_head_shoulders', 3579, 3583, 3598, 3645, 3662)",inverse_head_shoulders,inverse_head_shoulders_right_shoulder_entry,rising,"{'idx': 3583, 'confirm_idx': 3585, 'price': 218.8000030517578, 'kind': 'high', 'label': 'LH'}","{'idx': 3645, 'confirm_idx': 3647, 'price': 222.60000610351562, 'kind': 'high', 'label': 'HH'}","{'idx': 3598, 'confirm_idx': 3600, 'price': 217.3000030517578, 'kind': 'low', 'label': 'LL'}","{'idx': 3662, 'confirm_idx': 3664, 'price': 221.10000610351562, 'kind': 'low', 'label': 'HL'}",0.06129037180254536,0.05937504768371582,3664.0,221.10000610351562,225.0193616805538,3664,wait_right_shoulder_entry,True
"('inverse_head_shoulders', 3579, 3583, 3598, 3671, 3675)",inverse_head_shoulders,inverse_head_shoulders_right_shoulder_entry,rising,"{'idx': 3583, 'confirm_idx': 3585, 'price': 218.8000030517578, 'kind': 'high', 'label': 'LH'}","{'idx': 3671, 'confirm_idx': 3673, 'price': 225.5, 'kind': 'high', 'label': 'HH'}","{'idx': 3598, 'confirm_idx': 3600, 'price': 217.3000030517578, 'kind': 'low', 'label': 'LL'}","{'idx': 3675, 'confirm_idx': 3677, 'price': 224.5, 'kind': 'low', 'label': 'HL'}",0.07613632895729759,0.09350645387327516,3677.0,224.5,228.14204493435946,3677,wait_right_shoulder_entry,False
"('inverse_head_shoulders', 3692, 3696, 3706, 3723, 3728)",inverse_head_shoulders,inverse_head_shoulders_right_shoulder_entry,rising,"{'idx': 3696, 'confirm_idx': 3698, 'price': 226.3000030517578, 'kind': 'high', 'label': 'LH'}","{'idx': 3723, 'confirm_idx': 3725, 'price': 234.10000610351562, 'kind': 'high', 'label': 'HH'}","{'idx': 3706, 'confirm_idx': 3708, 'price': 225.10000610351562, 'kind': 'low', 'label': 'LL'}","{'idx': 3728, 'confirm_idx': 3730, 'price': 232.10000610351562, 'kind': 'low', 'label': 'HL'}",0.28888900191695605,0.3181818181818182,3730.0,232.10000610351562,238.18889307092738,3730,wait_right_shoulder_entry,False
"('inverse_head_shoulders', 3692, 3696, 3706, 3735, 3739)",inverse_head_shoulders,inverse_head_shoulders_right_shoulder_entry,rising,"{'idx': 3696, 'confirm_idx': 3698, 'price': 226.3000030517578, 'kind': 'high', 'label': 'LH'}","{'idx': 3735, 'confirm_idx': 3737, 'price': 235.0, 'kind': 'high', 'label': 'HH'}","{'idx': 3706, 'confirm_idx': 3708, 'price': 225.10000610351562, 'kind': 'low', 'label': 'LL'}","{'idx': 3739, 'confirm_idx': 3741, 'price': 233.3000030517578, 'kind': 'low', 'label': 'HL'}",0.22307684482672277,0.24848475600733902,3741.0,233.3000030517578,238.43076539650943,3741,wait_right_shoulder_entry,False
"('inverse_head_shoulders', 3692, 3696, 3706, 3755, 3757)",inverse_head_shoulders,inverse_head_shoulders_right_shoulder_entry,rising,"{'idx': 3696, 'confirm_idx': 3698, 'price': 226.3000030517578, 'kind': 'high', 'label': 'LH'}","{'idx': 3755, 'confirm_idx': 3757, 'price': 235.60000610351562, 'kind': 'high', 'label': 'HH'}","{'idx': 3706, 'confirm_idx': 3708, 'price': 225.10000610351562, 'kind': 'low', 'label': 'LL'}","{'idx': 3757, 'confirm_idx': 3759, 'price': 234.39999389648438, 'kind': 'low', 'label': 'HL'}",0.1576271703687765,0.18235270182291666,3759.0,234.39999389648438,238.37627475544556,3759,wait_right_shoulder_entry,False
"('inverse_head_shoulders', 3692, 3696, 3706, 3762, 3767)",inverse_head_shoulders,inverse_head_shoulders_right_shoulder_entry,rising,"{'idx': 3696, 'confirm_idx': 3698, 'price': 226.3000030517578, 'kind': 'high', 'label': 'LH'}","{'idx': 3762, 'confirm_idx': 3764, 'price': 235.8000030517578, 'kind': 'high', 'label': 'HH'}","{'idx': 3706, 'confirm_idx': 3708, 'price': 225.10000610351562, 'kind': 'low', 'label': 'LL'}","{'idx': 3767, 'confirm_idx': 3769, 'price': 234.6999969482422, 'kind': 'low', 'label': 'HL'}",0.14393939393939395,0.1573768990938781,3769.0,234.6999969482422,238.43939393939394,3769,wait_right_shoulder_entry,False
"('inverse_head_shoulders', 3807, 3809, 3812, 3815, 3819)",inverse_head_shoulders,inverse_head_shoulders_right_shoulder_entry,rising,"{'idx': 3809, 'confirm_idx': 3811, 'price': 236.89999389648438, 'kind': 'high', 'label': 'LH'}","{'idx': 3815, 'confirm_idx': 3817, 'price': 237.1999969482422, 'kind': 'high', 'label': 'HH'}","{'idx': 3812, 'confirm_idx': 3814, 'price': 235.0, 'kind': 'low', 'label': 'LL'}","{'idx': 3819, 'confirm_idx': 3821, 'price': 236.3000030517578, 'kind': 'low', 'label': 'HL'}",0.050000508626302086,0.1857147216796875,3821.0,236.3000030517578,239.24999237060547,3821,wait_right_shoulder_entry,False
"('inverse_head_shoulders', 3807, 3809, 3812, 3827, 3830)",inverse_head_shoulders,inverse_head_shoulders_right_shoulder_entry,rising,"{'idx': 3809, 'confirm_idx': 3811, 'price': 236.89999389648438, 'kind': 'high', 'label': 'LH'}","{'idx': 3827, 'confirm_idx': 3829, 'price': 237.1999969482422, 'kind': 'high', 'label': 'LH'}","{'idx': 3812, 'confirm_idx': 3814, 'price': 235.0, 'kind': 'low', 'label': 'LL'}","{'idx': 3830, 'confirm_idx': 3832, 'price': 235.5, 'kind': 'low', 'label': 'HL'}",0.016666836208767362,0.027777777777777776,3832.0,235.5,239.14999135335287,3832,wait_right_shoulder_entry,False
"('inverse_head_shoulders', 3807, 3809, 3823, 3833, 3840)",inverse_head_shoulders,inverse_head_shoulders_right_shoulder_entry,rising,"{'idx': 3809, 'confirm_idx': 3811, 'price': 236.89999389648438, 'kind': 'high', 'label': 'LH'}","{'idx': 3833, 'confirm_idx': 3836, 'price': 241.5, 'kind': 'high', 'label': 'HH'}","{'idx': 3823, 'confirm_idx': 3825, 'price': 235.3000030517578, 'kind': 'low', 'label': 'LL'}","{'idx': 3840, 'confirm_idx': 3843, 'price': 239.60000610351562, 'kind': 'low', 'label': 'HL'}",0.19166692097981772,0.2529413559857537,3843.0,239.60000610351562,245.783327738444,3843,wait_right_shoulder_entry,False
"('inverse_head_shoulders', 3807, 3809, 3823, 3854, 3856)",inverse_head_shoulders,inverse_head_shoulders_right_shoulder_entry,rising,"{'idx': 3809, 'confirm_idx': 3811, 'price': 236.89999389648438, 'kind': 'high', 'label': 'LH'}","{'idx': 3854, 'confirm_idx': 3856, 'price': 241.10000610351562, 'kind': 'high', 'label': 'HH'}","{'idx': 3823, 'confirm_idx': 3825, 'price': 235.3000030517578, 'kind': 'low', 'label': 'LL'}","{'idx': 3856, 'confirm_idx': 3858, 'price': 239.5, 'kind': 'low', 'label': 'HL'}",0.09333360460069444,0.1272726347952178,3858.0,239.5,244.00666741265192,3858,wait_right_shoulder_entry,False
"('inverse_head_shoulders', 3856, 3858, 3877, 3895, 3900)",inverse_head_shoulders,inverse_head_shoulders_right_shoulder_entry,rising,"{'idx': 3858, 'confirm_idx': 3860, 'price': 240.60000610351562, 'kind': 'high', 'label': 'LH'}","{'idx': 3895, 'confirm_idx': 3897, 'price': 240.6999969482422, 'kind': 'high', 'label': 'HH'}","{'idx': 3877, 'confirm_idx': 3879, 'price': 238.10000610351562, 'kind': 'low', 'label': 'LL'}","{'idx': 3900, 'confirm_idx': 3902, 'price': 239.1999969482422, 'kind': 'low', 'label': 'HL'}",0.0027024552628800674,0.04782568890115489,3902.0,239.1999969482422,243.2513435982369,3902,wait_right_shoulder_entry,False
"('inverse_head_shoulders', 3856, 3858, 3877, 3904, 3909)",inverse_head_shoulders,inverse_head_shoulders_right_shoulder_entry,rising,"{'idx': 3858, 'confirm_idx': 3860, 'price': 240.60000610351562, 'kind': 'high', 'label': 'LH'}","{'idx': 3904, 'confirm_idx': 3906, 'price': 240.89999389648438, 'kind': 'high', 'label': 'HH'}","{'idx': 3877, 'confirm_idx': 3879, 'price': 238.10000610351562, 'kind': 'low', 'label': 'LL'}","{'idx': 3909, 'confirm_idx': 3911, 'price': 239.1999969482422, 'kind': 'low', 'label': 'HL'}",0.006521473760190217,0.03437471389770508,3911.0,239.1999969482422,243.523901897928,3911,wait_right_shoulder_entry,False
"('inverse_head_shoulders', 3856, 3858, 3877, 3912, 3914)",inverse_head_shoulders,inverse_head_shoulders_right_shoulder_entry,rising,"{'idx': 3858, 'confirm_idx': 3860, 'price': 240.60000610351562, 'kind': 'high', 'label': 'LH'}","{'idx': 3912, 'confirm_idx': 3914, 'price': 241.89999389648438, 'kind': 'high', 'label': 'HH'}","{'idx': 3877, 'confirm_idx': 3879, 'price': 238.10000610351562, 'kind': 'low', 'label': 'LL'}","{'idx': 3914, 'confirm_idx': 3916, 'price': 240.39999389648438, 'kind': 'low', 'label': 'HL'}",0.024073848017939815,0.06216183224239865,3916.0,240.39999389648438,244.85739700882525,3916,wait_right_shoulder_entry,False
"('inverse_head_shoulders', 3856, 3858, 3877, 3917, 3923)",inverse_head_shoulders,inverse_head_shoulders_right_shoulder_entry,rising,"{'idx': 3858, 'confirm_idx': 3860, 'price': 240.60000610351562, 'kind': 'high', 'label': 'LH'}","{'idx': 3917, 'confirm_idx': 3919, 'price': 242.5, 'kind': 'high', 'label': 'HH'}","{'idx': 3877, 'confirm_idx': 3879, 'price': 238.10000610351562, 'kind': 'low', 'label': 'LL'}","{'idx': 3923, 'confirm_idx': 3925, 'price': 240.89999389648438, 'kind': 'low', 'label': 'HL'}",0.0322032863810911,0.060869299847146736,3925.0,240.89999389648438,245.61186244124073,3925,wait_right_shoulder_entry,False
"('inverse_head_shoulders', 3856, 3858, 3877, 3925, 3927)",inverse_head_shoulders,inverse_head_shoulders_right_shoulder_entry,rising,"{'idx': 3858, 'confirm_idx': 3860, 'price': 240.60000610351562, 'kind': 'high', 'label': 'LH'}","{'idx': 3925, 'confirm_idx': 3927, 'price': 241.60000610351562, 'kind': 'high', 'label': 'LH'}","{'idx': 3877, 'confirm_idx': 3879, 'price': 238.10000610351562, 'kind': 'low', 'label': 'LL'}","{'idx': 3927, 'confirm_idx': 3929, 'price': 240.89999389648438, 'kind': 'low', 'label': 'HL'}",0.014925373134328358,0.055999755859375,3929.0,240.89999389648438,244.38358819306785,3929,wait_right_shoulder_entry,False
"('inverse_head_shoulders', 3954, 3956, 3973, 3979, 3982)",inverse_head_shoulders,inverse_head_shoulders_right_shoulder_entry,rising,"{'idx': 3956, 'confirm_idx': 3958, 'price': 243.3000030517578, 'kind': 'high', 'label': 'LH'}","{'idx': 3979, 'confirm_idx': 3981, 'price': 248.1999969482422, 'kind': 'high', 'label': 'HH'}","{'idx': 3973, 'confirm_idx': 3975, 'price': 242.10000610351562, 'kind': 'low', 'label': 'LL'}","{'idx': 3982, 'confirm_idx': 3984, 'price': 245.60000610351562, 'kind': 'low', 'label': 'HL'}",0.213043212890625,0.3888888888888889,3984.0,245.60000610351562,253.021728515625,3984,wait_right_shoulder_entry,True
"('inverse_head_shoulders', 3954, 3956, 3973, 3985, 3991)",inverse_head_shoulders,inverse_head_shoulders_right_shoulder_entry,rising,"{'idx': 3956, 'confirm_idx': 3958, 'price': 243.3000030517578, 'kind': 'high', 'label': 'LH'}","{'idx': 3985, 'confirm_idx': 3988, 'price': 249.0, 'kind': 'high', 'label': 'HH'}","{'idx': 3973, 'confirm_idx': 3975, 'price': 242.10000610351562, 'kind': 'low', 'label': 'LL'}","{'idx': 3991, 'confirm_idx': 3993, 'price': 246.89999389648438, 'kind': 'low', 'label': 'HL'}",0.19655161890490302,0.2666659884982639,3993.0,246.89999389648438,253.54137446962554,3993,wait_right_shoulder_entry,False
"('inverse_head_shoulders', 3954, 3956, 3973, 3995, 3997)",inverse_head_shoulders,inverse_head_shoulders_right_shoulder_entry,rising,"{'idx': 3956, 'confirm_idx': 3958, 'price': 243.3000030517578, 'kind': 'high', 'label': 'LH'}","{'idx': 3995, 'confirm_idx': 3997, 'price': 249.0, 'kind': 'high', 'label': 'LH'}","{'idx': 3973, 'confirm_idx': 3975, 'price': 242.10000610351562, 'kind': 'low', 'label': 'LL'}","{'idx': 3997, 'confirm_idx': 3999, 'price': 248.0, 'kind': 'low', 'label': 'HL'}",0.14615376790364584,0.24583307902018228,3999.0,248.0,252.68461100260416,3999,wait_right_shoulder_entry,False
"('inverse_head_shoulders', 3954, 3956, 3973, 4008, 4012)",inverse_head_shoulders,inverse_head_shoulders_right_shoulder_entry,rising,"{'idx': 3956, 'confirm_idx': 3958, 'price': 243.3000030517578, 'kind': 'high', 'label': 'LH'}","{'idx': 4008, 'confirm_idx': 4010, 'price': 251.75, 'kind': 'high', 'label': 'HH'}","{'idx': 3973, 'confirm_idx': 3975, 'price': 242.10000610351562, 'kind': 'low', 'label': 'LL'}","{'idx': 4012, 'confirm_idx': 4014, 'price': 247.39999389648438, 'kind': 'low', 'label': 'HL'}",0.16249994131234977,0.1358971228966346,4014.0,247.39999389648438,255.71249595055212,4014,wait_right_shoulder_entry,False
"('inverse_head_shoulders', 3954, 3956, 3973, 4015, 4017)",inverse_head_shoulders,inverse_head_shoulders_right_shoulder_entry,rising,"{'idx': 3956, 'confirm_idx': 3958, 'price': 243.3000030517578, 'kind': 'high', 'label': 'LH'}","{'idx': 4015, 'confirm_idx': 4017, 'price': 251.5, 'kind': 'high', 'label': 'LH'}","{'idx': 3973, 'confirm_idx': 3975, 'price': 242.10000610351562, 'kind': 'low', 'label': 'LL'}","{'idx': 4017, 'confirm_idx': 4020, 'price': 250.25, 'kind': 'low', 'label': 'HL'}",0.13898299912274895,0.18522713401100852,4020.0,250.25,255.0627079333289,4020,wait_right_shoulder_entry,False
"('inverse_head_shoulders', 4038, 4043, 4053, 4111, 4115)",inverse_head_shoulders,inverse_head_shoulders_right_shoulder_entry,rising,"{'idx': 4043, 'confirm_idx': 4045, 'price': 247.1999969482422, 'kind': 'high', 'label': 'LH'}","{'idx': 4111, 'confirm_idx': 4113, 'price': 255.0, 'kind': 'high', 'label': 'HH'}","{'idx': 4053, 'confirm_idx': 4055, 'price': 243.0, 'kind': 'low', 'label': 'LL'}","{'idx': 4115, 'confirm_idx': 4117, 'price': 253.5, 'kind': 'low', 'label': 'HL'}",0.11470592723173254,0.1693548387096774,4117.0,253.5,260.3470562205595,4117,wait_right_shoulder_entry,False
"('inverse_head_shoulders', 4173, 4178, 4196, 4200, 4204)",inverse_head_shoulders,inverse_head_shoulders_right_shoulder_entry,rising,"{'idx': 4178, 'confirm_idx': 4180, 'price': 258.0, 'kind': 'high', 'label': 'LH'}","{'idx': 4200, 'confirm_idx': 4202, 'price': 265.75, 'kind': 'high', 'label': 'HH'}","{'idx': 4196, 'confirm_idx': 4198, 'price': 255.75, 'kind': 'low', 'label': 'LL'}","{'idx': 4204, 'confirm_idx': 4206, 'price': 259.5, 'kind': 'low', 'label': 'HL'}",0.3522727272727273,0.46875,4206.0,259.5,274.34090909090907,4206,wait_right_shoulder_entry,False
"('inverse_head_shoulders', 4173, 4178, 4196, 4210, 4217)",inverse_head_shoulders,inverse_head_shoulders_right_shoulder_entry,rising,"{'idx': 4178, 'confirm_idx': 4180, 'price': 258.0, 'kind': 'high', 'label': 'LH'}","{'idx': 4210, 'confirm_idx': 4212, 'price': 263.0, 'kind': 'high', 'label': 'LH'}","{'idx': 4196, 'confirm_idx': 4198, 'price': 255.75, 'kind': 'low', 'label': 'LL'}","{'idx': 4217, 'confirm_idx': 4219, 'price': 260.25, 'kind': 'low', 'label': 'HL'}",0.15625,0.21428571428571427,4219.0,260.25,268.0625,4219,wait_right_shoulder_entry,False
"('inverse_head_shoulders', 4173, 4178, 4196, 4237, 4245)",inverse_head_shoulders,inverse_head_shoulders_right_shoulder_entry,rising,"{'idx': 4178, 'confirm_idx': 4180, 'price': 258.0, 'kind': 'high', 'label': 'LH'}","{'idx': 4237, 'confirm_idx': 4239, 'price': 261.5, 'kind': 'high', 'label': 'LH'}","{'idx': 4196, 'confirm_idx': 4198, 'price': 255.75, 'kind': 'low', 'label': 'LL'}","{'idx': 4245, 'confirm_idx': 4247, 'price': 257.0, 'kind': 'low', 'label': 'HL'}",0.059322033898305086,0.025510204081632654,4247.0,257.0,264.81779661016947,4247,wait_right_shoulder_entry,False
"('inverse_head_shoulders', 4291, 4293, 4295, 4299, 4301)",inverse_head_shoulders,inverse_head_shoulders_right_shoulder_entry,rising,"{'idx': 4293, 'confirm_idx': 4295, 'price': 259.0, 'kind': 'high', 'label': 'LH'}","{'idx': 4299, 'confirm_idx': 4301, 'price': 262.0, 'kind': 'high', 'label': 'HH'}","{'idx': 4295, 'confirm_idx': 4297, 'price': 256.5, 'kind': 'low', 'label': 'LL'}","{'idx': 4301, 'confirm_idx': 4303, 'price': 259.75, 'kind': 'low', 'label': 'HL'}",0.5,0.5416666666666666,4303.0,259.75,265.5,4303,wait_right_shoulder_entry,False
"('inverse_head_shoulders', 4301, 4303, 4310, 4315, 4321)",inverse_head_shoulders,inverse_head_shoulders_right_shoulder_entry,rising,"{'idx': 4303, 'confirm_idx': 4305, 'price': 261.25, 'kind': 'high', 'label': 'LH'}","{'idx': 4315, 'confirm_idx': 4317, 'price': 263.25, 'kind': 'high', 'label': 'HH'}","{'idx': 4310, 'confirm_idx': 4312, 'price': 259.0, 'kind': 'low', 'label': 'LL'}","{'idx': 4321, 'confirm_idx': 4323, 'price': 260.5, 'kind': 'low', 'label': 'HL'}",0.16666666666666666,0.13636363636363635,4323.0,260.5,266.6666666666667,4323,wait_right_shoulder_entry,False
"('inverse_head_shoulders', 4301, 4303, 4310, 4335, 4342)",inverse_head_shoulders,inverse_head_shoulders_right_shoulder_entry,rising,"{'idx': 4303, 'confirm_idx': 4305, 'price': 261.25, 'kind': 'high', 'label': 'LH'}","{'idx': 4335, 'confirm_idx': 4337, 'price': 261.5, 'kind': 'high', 'label': 'LH'}","{'idx': 4310, 'confirm_idx': 4312, 'price': 259.0, 'kind': 'low', 'label': 'LL'}","{'idx': 4342, 'confirm_idx': 4344, 'price': 260.75, 'kind': 'low', 'label': 'HL'}",0.0078125,0.0546875,4344.0,260.75,263.8046875,4344,wait_right_shoulder_entry,False
"('inverse_head_shoulders', 4321, 4323, 4327, 4347, 4360)",inverse_head_shoulders,inverse_head_shoulders_right_shoulder_entry,rising,"{'idx': 4323, 'confirm_idx': 4325, 'price': 261.5, 'kind': 'high', 'label': 'LH'}","{'idx': 4347, 'confirm_idx': 4349, 'price': 262.25, 'kind': 'high', 'label': 'HH'}","{'idx': 4327, 'confirm_idx': 4329, 'price': 259.75, 'kind': 'low', 'label': 'LL'}","{'idx': 4360, 'confirm_idx': 4362, 'price': 261.25, 'kind': 'low', 'label': 'HL'}",0.03125,0.045454545454545456,4362.0,261.25,264.125,4362,wait_right_shoulder_entry,False
"('inverse_head_shoulders', 4321, 4323, 4327, 4369, 4372)",inverse_head_shoulders,inverse_head_shoulders_right_shoulder_entry,rising,"{'idx': 4323, 'confirm_idx': 4325, 'price': 261.5, 'kind': 'high', 'label': 'LH'}","{'idx': 4369, 'confirm_idx': 4371, 'price': 264.25, 'kind': 'high', 'label': 'HH'}","{'idx': 4327, 'confirm_idx': 4329, 'price': 259.75, 'kind': 'low', 'label': 'LL'}","{'idx': 4372, 'confirm_idx': 4374, 'price': 262.25, 'kind': 'low', 'label': 'HL'}",0.059782608695652176,0.05555555555555555,4374.0,262.25,266.2391304347826,4374,wait_right_shoulder_entry,False
"('inverse_head_shoulders', 4321, 4323, 4327, 4398, 4405)",inverse_head_shoulders,inverse_head_shoulders_right_shoulder_entry,rising,"{'idx': 4323, 'confirm_idx': 4325, 'price': 261.5, 'kind': 'high', 'label': 'LH'}","{'idx': 4398, 'confirm_idx': 4400, 'price': 268.25, 'kind': 'high', 'label': 'HH'}","{'idx': 4327, 'confirm_idx': 4329, 'price': 259.75, 'kind': 'low', 'label': 'LL'}","{'idx': 4405, 'confirm_idx': 4407, 'price': 264.0, 'kind': 'low', 'label': 'HL'}",0.09,0.05448717948717949,4407.0,264.0,270.36,4407,wait_right_shoulder_entry,False
"('inverse_head_shoulders', 4321, 4323, 4327, 4412, 4425)",inverse_head_shoulders,inverse_head_shoulders_right_shoulder_entry,rising,"{'idx': 4323, 'confirm_idx': 4325, 'price': 261.5, 'kind': 'high', 'label': 'LH'}","{'idx': 4412, 'confirm_idx': 4414, 'price': 267.25, 'kind': 'high', 'label': 'LH'}","{'idx': 4327, 'confirm_idx': 4329, 'price': 259.75, 'kind': 'low', 'label': 'LL'}","{'idx': 4425, 'confirm_idx': 4427, 'price': 264.25, 'kind': 'low', 'label': 'HL'}",0.06460674157303371,0.04591836734693878,4427.0,264.25,269.2584269662921,4427,wait_right_shoulder_entry,False
"('inverse_head_shoulders', 4425, 4427, 4434, 4457, 4459)",inverse_head_shoulders,inverse_head_shoulders_right_shoulder_entry,rising,"{'idx': 4427, 'confirm_idx': 4429, 'price': 266.75, 'kind': 'high', 'label': 'LH'}","{'idx': 4457, 'confirm_idx': 4459, 'price': 268.75, 'kind': 'high', 'label': 'HH'}","{'idx': 4434, 'confirm_idx': 4437, 'price': 262.25, 'kind': 'low', 'label': 'LL'}","{'idx': 4459, 'confirm_idx': 4461, 'price': 267.25, 'kind': 'low', 'label': 'HL'}",0.06666666666666667,0.2,4461.0,267.25,273.71666666666664,4461,wait_right_shoulder_entry,False
"('inverse_head_shoulders', 4425, 4427, 4434, 4465, 4469)",inverse_head_shoulders,inverse_head_shoulders_right_shoulder_entry,rising,"{'idx': 4427, 'confirm_idx': 4429, 'price': 266.75, 'kind': 'high', 'label': 'LH'}","{'idx': 4465, 'confirm_idx': 4467, 'price': 269.5, 'kind': 'high', 'label': 'HH'}","{'idx': 4434, 'confirm_idx': 4437, 'price': 262.25, 'kind': 'low', 'label': 'LL'}","{'idx': 4469, 'confirm_idx': 4471, 'price': 268.25, 'kind': 'low', 'label': 'HL'}",0.07236842105263158,0.17142857142857143,4471.0,268.25,274.50657894736844,4471,wait_right_shoulder_entry,False
"('inverse_head_shoulders', 4425, 4427, 4434, 4483, 4485)",inverse_head_shoulders,inverse_head_shoulders_right_shoulder_entry,rising,"{'idx': 4427, 'confirm_idx': 4429, 'price': 266.75, 'kind': 'high', 'label': 'LH'}","{'idx': 4483, 'confirm_idx': 4485, 'price': 268.75, 'kind': 'high', 'label': 'LH'}","{'idx': 4434, 'confirm_idx': 4437, 'price': 262.25, 'kind': 'low', 'label': 'LL'}","{'idx': 4485, 'confirm_idx': 4487, 'price': 267.25, 'kind': 'low', 'label': 'HL'}",0.03571428571428571,0.09803921568627451,4487.0,267.25,273.5,4487,wait_right_shoulder_entry,False
"('inverse_head_shoulders', 4425, 4427, 4434, 4491, 4493)",inverse_head_shoulders,inverse_head_shoulders_right_shoulder_entry,rising,"{'idx': 4427, 'confirm_idx': 4429, 'price': 266.75, 'kind': 'high', 'label': 'LH'}","{'idx': 4491, 'confirm_idx': 4493, 'price': 272.5, 'kind': 'high', 'label': 'HH'}","{'idx': 4434, 'confirm_idx': 4437, 'price': 262.25, 'kind': 'low', 'label': 'LL'}","{'idx': 4493, 'confirm_idx': 4495, 'price': 270.25, 'kind': 'low', 'label': 'HL'}",0.08984375,0.13559322033898305,4495.0,270.25,277.62890625,4495,wait_right_shoulder_entry,False
"('inverse_head_shoulders', 4513, 4516, 4559, 4571, 4577)",inverse_head_shoulders,inverse_head_shoulders_right_shoulder_entry,rising,"{'idx': 4516, 'confirm_idx': 4518, 'price': 269.25, 'kind': 'high', 'label': 'LH'}","{'idx': 4571, 'confirm_idx': 4573, 'price': 269.5, 'kind': 'high', 'label': 'HH'}","{'idx': 4559, 'confirm_idx': 4561, 'price': 266.5, 'kind': 'low', 'label': 'LL'}","{'idx': 4577, 'confirm_idx': 4579, 'price': 268.0, 'kind': 'low', 'label': 'HL'}",0.004545454545454545,0.08333333333333333,4579.0,268.0,272.44545454545454,4579,wait_right_shoulder_entry,False
"('inverse_head_shoulders', 4513, 4516, 4559, 4571, 4586)",inverse_head_shoulders,inverse_head_shoulders_right_shoulder_entry,rising,"{'idx': 4516, 'confirm_idx': 4518, 'price': 269.25, 'kind': 'high', 'label': 'LH'}","{'idx': 4571, 'confirm_idx': 4573, 'price': 269.5, 'kind': 'high', 'label': 'HH'}","{'idx': 4559, 'confirm_idx': 4561, 'price': 266.5, 'kind': 'low', 'label': 'LL'}","{'idx': 4586, 'confirm_idx': 4588, 'price': 268.0, 'kind': 'low', 'label': 'HL'}",0.004545454545454545,0.05555555555555555,4588.0,268.0,272.44545454545454,4588,wait_right_shoulder_entry,False
"('inverse_head_shoulders', 4551, 4554, 4559, 4588, 4590)",inverse_head_shoulders,inverse_head_shoulders_right_shoulder_entry,rising,"{'idx': 4554, 'confirm_idx': 4556, 'price': 269.5, 'kind': 'high', 'label': 'LH'}","{'idx': 4588, 'confirm_idx': 4590, 'price': 272.75, 'kind': 'high', 'label': 'HH'}","{'idx': 4559, 'confirm_idx': 4561, 'price': 266.5, 'kind': 'low', 'label': 'LL'}","{'idx': 4590, 'confirm_idx': 4592, 'price': 268.25, 'kind': 'low', 'label': 'HL'}",0.09558823529411764,0.056451612903225805,4592.0,268.25,276.2279411764706,4592,wait_right_shoulder_entry,False
"('inverse_head_shoulders', 4551, 4554, 4599, 4603, 4611)",inverse_head_shoulders,inverse_head_shoulders_right_shoulder_entry,rising,"{'idx': 4554, 'confirm_idx': 4556, 'price': 269.5, 'kind': 'high', 'label': 'LH'}","{'idx': 4603, 'confirm_idx': 4605, 'price': 271.25, 'kind': 'high', 'label': 'HH'}","{'idx': 4599, 'confirm_idx': 4601, 'price': 267.75, 'kind': 'low', 'label': 'LL'}","{'idx': 4611, 'confirm_idx': 4613, 'price': 270.25, 'kind': 'low', 'label': 'HL'}",0.03571428571428571,0.20833333333333334,4613.0,270.25,274.60714285714283,4613,wait_right_shoulder_entry,False
"('inverse_head_shoulders', 4551, 4554, 4599, 4616, 4618)",inverse_head_shoulders,inverse_head_shoulders_right_shoulder_entry,rising,"{'idx': 4554, 'confirm_idx': 4556, 'price': 269.5, 'kind': 'high', 'label': 'LH'}","{'idx': 4616, 'confirm_idx': 4618, 'price': 272.5, 'kind': 'high', 'label': 'HH'}","{'idx': 4599, 'confirm_idx': 4601, 'price': 267.75, 'kind': 'low', 'label': 'LL'}","{'idx': 4618, 'confirm_idx': 4620, 'price': 271.0, 'kind': 'low', 'label': 'HL'}",0.04838709677419355,0.17105263157894737,4620.0,271.0,276.4274193548387,4620,wait_right_shoulder_entry,False
"('inverse_head_shoulders', 4644, 4646, 4649, 4654, 4661)",inverse_head_shoulders,inverse_head_shoulders_right_shoulder_entry,rising,"{'idx': 4646, 'confirm_idx': 4648, 'price': 270.25, 'kind': 'high', 'label': 'LH'}","{'idx': 4654, 'confirm_idx': 4656, 'price': 273.0, 'kind': 'high', 'label': 'HH'}","{'idx': 4649, 'confirm_idx': 4651, 'price': 269.0, 'kind': 'low', 'label': 'LL'}","{'idx': 4661, 'confirm_idx': 4663, 'price': 271.25, 'kind': 'low', 'label': 'HL'}",0.34375,0.1875,4663.0,271.25,275.28125,4663,wait_right_shoulder_entry,False
"('inverse_head_shoulders', 4644, 4646, 4649, 4670, 4673)",inverse_head_shoulders,inverse_head_shoulders_right_shoulder_entry,rising,"{'idx': 4646, 'confirm_idx': 4648, 'price': 270.25, 'kind': 'high', 'label': 'LH'}","{'idx': 4670, 'confirm_idx': 4672, 'price': 273.0, 'kind': 'high', 'label': 'LH'}","{'idx': 4649, 'confirm_idx': 4651, 'price': 269.0, 'kind': 'low', 'label': 'LL'}","{'idx': 4673, 'confirm_idx': 4675, 'price': 271.75, 'kind': 'low', 'label': 'HL'}",0.11458333333333333,0.11458333333333333,4675.0,271.75,274.59375,4675,wait_right_shoulder_entry,False
"('inverse_head_shoulders', 4673, 4677, 4682, 4685, 4687)",inverse_head_shoulders,inverse_head_shoulders_right_shoulder_entry,rising,"{'idx': 4677, 'confirm_idx': 4679, 'price': 272.5, 'kind': 'high', 'label': 'LH'}","{'idx': 4685, 'confirm_idx': 4687, 'price': 278.25, 'kind': 'high', 'label': 'HH'}","{'idx': 4682, 'confirm_idx': 4684, 'price': 270.5, 'kind': 'low', 'label': 'LL'}","{'idx': 4687, 'confirm_idx': 4689, 'price': 272.75, 'kind': 'low', 'label': 'HL'}",0.71875,0.45,4689.0,272.75,283.84375,4689,wait_right_shoulder_entry,False
"('inverse_head_shoulders', 4673, 4677, 4682, 4697, 4711)",inverse_head_shoulders,inverse_head_shoulders_right_shoulder_entry,rising,"{'idx': 4677, 'confirm_idx': 4679, 'price': 272.5, 'kind': 'high', 'label': 'LH'}","{'idx': 4697, 'confirm_idx': 4699, 'price': 278.75, 'kind': 'high', 'label': 'HH'}","{'idx': 4682, 'confirm_idx': 4684, 'price': 270.5, 'kind': 'low', 'label': 'LL'}","{'idx': 4711, 'confirm_idx': 4713, 'price': 274.5, 'kind': 'low', 'label': 'HL'}",0.3125,0.13793103448275862,4713.0,274.5,282.3125,4713,wait_right_shoulder_entry,False
"('inverse_head_shoulders', 4673, 4677, 4682, 4718, 4722)",inverse_head_shoulders,inverse_head_shoulders_right_shoulder_entry,rising,"{'idx': 4677, 'confirm_idx': 4679, 'price': 272.5, 'kind': 'high', 'label': 'LH'}","{'idx': 4718, 'confirm_idx': 4720, 'price': 276.0, 'kind': 'high', 'label': 'LH'}","{'idx': 4682, 'confirm_idx': 4684, 'price': 270.5, 'kind': 'low', 'label': 'LL'}","{'idx': 4722, 'confirm_idx': 4725, 'price': 275.0, 'kind': 'low', 'label': 'HL'}",0.08536585365853659,0.1125,4725.0,275.0,278.4268292682927,4725,wait_right_shoulder_entry,False
"('inverse_head_shoulders', 4673, 4677, 4682, 4732, 4735)",inverse_head_shoulders,inverse_head_shoulders_right_shoulder_entry,rising,"{'idx': 4677, 'confirm_idx': 4679, 'price': 272.5, 'kind': 'high', 'label': 'LH'}","{'idx': 4732, 'confirm_idx': 4734, 'price': 277.5, 'kind': 'high', 'label': 'HH'}","{'idx': 4682, 'confirm_idx': 4684, 'price': 270.5, 'kind': 'low', 'label': 'LL'}","{'idx': 4735, 'confirm_idx': 4741, 'price': 276.5, 'kind': 'low', 'label': 'HL'}",0.09090909090909091,0.11320754716981132,4741.0,276.5,279.95454545454544,4741,wait_right_shoulder_entry,False
"('inverse_head_shoulders', 4735, 4746, 4754, 4769, 4772)",inverse_head_shoulders,inverse_head_shoulders_right_shoulder_entry,rising,"{'idx': 4746, 'confirm_idx': 4748, 'price': 277.5, 'kind': 'high', 'label': 'LH'}","{'idx': 4769, 'confirm_idx': 4771, 'price': 284.25, 'kind': 'high', 'label': 'HH'}","{'idx': 4754, 'confirm_idx': 4756, 'price': 275.25, 'kind': 'low', 'label': 'LL'}","{'idx': 4772, 'confirm_idx': 4774, 'price': 283.25, 'kind': 'low', 'label': 'HL'}",0.29347826086956524,0.4444444444444444,4774.0,283.25,288.8478260869565,4774,wait_right_shoulder_entry,False
"('inverse_head_shoulders', 4735, 4746, 4754, 4782, 4784)",inverse_head_shoulders,inverse_head_shoulders_right_shoulder_entry,rising,"{'idx': 4746, 'confirm_idx': 4748, 'price': 277.5, 'kind': 'high', 'label': 'LH'}","{'idx': 4782, 'confirm_idx': 4784, 'price': 287.75, 'kind': 'high', 'label': 'HH'}","{'idx': 4754, 'confirm_idx': 4756, 'price': 275.25, 'kind': 'low', 'label': 'LL'}","{'idx': 4784, 'confirm_idx': 4786, 'price': 285.25, 'kind': 'low', 'label': 'HL'}",0.2847222222222222,0.3333333333333333,4786.0,285.25,292.27777777777777,4786,wait_right_shoulder_entry,False
"('inverse_head_shoulders', 4735, 4746, 4754, 4787, 4791)",inverse_head_shoulders,inverse_head_shoulders_right_shoulder_entry,rising,"{'idx': 4746, 'confirm_idx': 4748, 'price': 277.5, 'kind': 'high', 'label': 'LH'}","{'idx': 4787, 'confirm_idx': 4789, 'price': 288.5, 'kind': 'high', 'label': 'HH'}","{'idx': 4754, 'confirm_idx': 4756, 'price': 275.25, 'kind': 'low', 'label': 'LL'}","{'idx': 4791, 'confirm_idx': 4793, 'price': 286.0, 'kind': 'low', 'label': 'HL'}",0.2682926829268293,0.2905405405405405,4793.0,286.0,292.8963414634146,4793,wait_right_shoulder_entry,False
"('inverse_head_shoulders', 4735, 4746, 4754, 4812, 4815)",inverse_head_shoulders,inverse_head_shoulders_right_shoulder_entry,rising,"{'idx': 4746, 'confirm_idx': 4748, 'price': 277.5, 'kind': 'high', 'label': 'LH'}","{'idx': 4812, 'confirm_idx': 4814, 'price': 285.25, 'kind': 'high', 'label': 'LH'}","{'idx': 4754, 'confirm_idx': 4756, 'price': 275.25, 'kind': 'low', 'label': 'LL'}","{'idx': 4815, 'confirm_idx': 4817, 'price': 284.0, 'kind': 'low', 'label': 'HL'}",0.11742424242424243,0.14344262295081966,4817.0,284.0,288.43939393939394,4817,wait_right_shoulder_entry,False
"('inverse_head_shoulders', 4735, 4746, 4754, 4820, 4824)",inverse_head_shoulders,inverse_head_shoulders_right_shoulder_entry,rising,"{'idx': 4746, 'confirm_idx': 4748, 'price': 277.5, 'kind': 'high', 'label': 'LH'}","{'idx': 4820, 'confirm_idx': 4822, 'price': 286.0, 'kind': 'high', 'label': 'HH'}","{'idx': 4754, 'confirm_idx': 4756, 'price': 275.25, 'kind': 'low', 'label': 'LL'}","{'idx': 4824, 'confirm_idx': 4827, 'price': 284.5, 'kind': 'low', 'label': 'HL'}",0.11486486486486487,0.13214285714285715,4827.0,284.5,289.1689189189189,4827,wait_right_shoulder_entry,False
"('inverse_head_shoulders', 4798, 4800, 4806, 4834, 4841)",inverse_head_shoulders,inverse_head_shoulders_right_shoulder_entry,rising,"{'idx': 4800, 'confirm_idx': 4802, 'price': 286.25, 'kind': 'high', 'label': 'LH'}","{'idx': 4834, 'confirm_idx': 4836, 'price': 288.0, 'kind': 'high', 'label': 'HH'}","{'idx': 4806, 'confirm_idx': 4808, 'price': 283.25, 'kind': 'low', 'label': 'LL'}","{'idx': 4841, 'confirm_idx': 4843, 'price': 285.0, 'kind': 'low', 'label': 'HL'}",0.051470588235294115,0.05,4843.0,285.0,291.30882352941177,4843,wait_right_shoulder_entry,False
"('inverse_head_shoulders', 4798, 4800, 4806, 4834, 4845)",inverse_head_shoulders,inverse_head_shoulders_right_shoulder_entry,rising,"{'idx': 4800, 'confirm_idx': 4802, 'price': 286.25, 'kind': 'high', 'label': 'LH'}","{'idx': 4834, 'confirm_idx': 4836, 'price': 288.0, 'kind': 'high', 'label': 'HH'}","{'idx': 4806, 'confirm_idx': 4808, 'price': 283.25, 'kind': 'low', 'label': 'LL'}","{'idx': 4845, 'confirm_idx': 4847, 'price': 285.0, 'kind': 'low', 'label': 'HL'}",0.051470588235294115,0.04487179487179487,4847.0,285.0,291.30882352941177,4847,wait_right_shoulder_entry,False
"('inverse_head_shoulders', 4798, 4800, 4806, 4854, 4858)",inverse_head_shoulders,inverse_head_shoulders_right_shoulder_entry,rising,"{'idx': 4800, 'confirm_idx': 4802, 'price': 286.25, 'kind': 'high', 'label': 'LH'}","{'idx': 4854, 'confirm_idx': 4856, 'price': 287.5, 'kind': 'high', 'label': 'HH'}","{'idx': 4806, 'confirm_idx': 4808, 'price': 283.25, 'kind': 'low', 'label': 'LL'}","{'idx': 4858, 'confirm_idx': 4860, 'price': 286.75, 'kind': 'low', 'label': 'HL'}",0.023148148148148147,0.0673076923076923,4860.0,286.75,290.6388888888889,4860,wait_right_shoulder_entry,False
"('inverse_head_shoulders', 4798, 4800, 4806, 4865, 4868)",inverse_head_shoulders,inverse_head_shoulders_right_shoulder_entry,rising,"{'idx': 4800, 'confirm_idx': 4802, 'price': 286.25, 'kind': 'high', 'label': 'LH'}","{'idx': 4865, 'confirm_idx': 4867, 'price': 289.75, 'kind': 'high', 'label': 'HH'}","{'idx': 4806, 'confirm_idx': 4808, 'price': 283.25, 'kind': 'low', 'label': 'LL'}","{'idx': 4868, 'confirm_idx': 4870, 'price': 287.0, 'kind': 'low', 'label': 'HL'}",0.05384615384615385,0.06048387096774194,4870.0,287.0,293.07307692307694,4870,wait_right_shoulder_entry,False
"('inverse_head_shoulders', 4798, 4800, 4806, 4871, 4877)",inverse_head_shoulders,inverse_head_shoulders_right_shoulder_entry,rising,"{'idx': 4800, 'confirm_idx': 4802, 'price': 286.25, 'kind': 'high', 'label': 'LH'}","{'idx': 4871, 'confirm_idx': 4873, 'price': 289.0, 'kind': 'high', 'label': 'LH'}","{'idx': 4806, 'confirm_idx': 4808, 'price': 283.25, 'kind': 'low', 'label': 'LL'}","{'idx': 4877, 'confirm_idx': 4879, 'price': 287.0, 'kind': 'low', 'label': 'HL'}",0.03873239436619718,0.0528169014084507,4879.0,287.0,292.2323943661972,4879,wait_right_shoulder_entry,False
"('inverse_head_shoulders', 4893, 4896, 4934, 4937, 4939)",inverse_head_shoulders,inverse_head_shoulders_right_shoulder_entry,rising,"{'idx': 4896, 'confirm_idx': 4899, 'price': 304.5, 'kind': 'high', 'label': 'LH'}","{'idx': 4937, 'confirm_idx': 4939, 'price': 306.25, 'kind': 'high', 'label': 'LH'}","{'idx': 4934, 'confirm_idx': 4936, 'price': 301.25, 'kind': 'low', 'label': 'LL'}","{'idx': 4939, 'confirm_idx': 4941, 'price': 304.5, 'kind': 'low', 'label': 'HL'}",0.042682926829268296,0.65,4941.0,304.5,311.1219512195122,4941,wait_right_shoulder_entry,False
"('inverse_head_shoulders', 4924, 4927, 4934, 4947, 4954)",inverse_head_shoulders,inverse_head_shoulders_right_shoulder_entry,rising,"{'idx': 4927, 'confirm_idx': 4929, 'price': 306.5, 'kind': 'high', 'label': 'LH'}","{'idx': 4947, 'confirm_idx': 4949, 'price': 308.0, 'kind': 'high', 'label': 'HH'}","{'idx': 4934, 'confirm_idx': 4936, 'price': 301.25, 'kind': 'low', 'label': 'LL'}","{'idx': 4954, 'confirm_idx': 4956, 'price': 305.5, 'kind': 'low', 'label': 'HL'}",0.075,0.2125,4956.0,305.5,313.775,4956,wait_right_shoulder_entry,False
"('inverse_head_shoulders', 4954, 4962, 4978, 4982, 4988)",inverse_head_shoulders,inverse_head_shoulders_right_shoulder_entry,rising,"{'idx': 4962, 'confirm_idx': 4964, 'price': 307.25, 'kind': 'high', 'label': 'LH'}","{'idx': 4982, 'confirm_idx': 4984, 'price': 309.25, 'kind': 'high', 'label': 'HH'}","{'idx': 4978, 'confirm_idx': 4980, 'price': 304.5, 'kind': 'low', 'label': 'LL'}","{'idx': 4988, 'confirm_idx': 4990, 'price': 306.75, 'kind': 'low', 'label': 'HL'}",0.1,0.225,4990.0,306.75,313.6,4990,wait_right_shoulder_entry,False
"('inverse_head_shoulders', 4954, 4962, 4978, 4990, 4992)",inverse_head_shoulders,inverse_head_shoulders_right_shoulder_entry,rising,"{'idx': 4962, 'confirm_idx': 4964, 'price': 307.25, 'kind': 'high', 'label': 'LH'}","{'idx': 4990, 'confirm_idx': 4992, 'price': 309.25, 'kind': 'high', 'label': 'LH'}","{'idx': 4978, 'confirm_idx': 4980, 'price': 304.5, 'kind': 'low', 'label': 'LL'}","{'idx': 4992, 'confirm_idx': 4994, 'price': 306.75, 'kind': 'low', 'label': 'HL'}",0.07142857142857142,0.16071428571428573,4994.0,306.75,313.14285714285717,4994,wait_right_shoulder_entry,False
"('inverse_head_shoulders', 4954, 4962, 4978, 4998, 5002)",inverse_head_shoulders,inverse_head_shoulders_right_shoulder_entry,rising,"{'idx': 4962, 'confirm_idx': 4964, 'price': 307.25, 'kind': 'high', 'label': 'LH'}","{'idx': 4998, 'confirm_idx': 5000, 'price': 310.5, 'kind': 'high', 'label': 'HH'}","{'idx': 4978, 'confirm_idx': 4980, 'price': 304.5, 'kind': 'low', 'label': 'LL'}","{'idx': 5002, 'confirm_idx': 5004, 'price': 308.25, 'kind': 'low', 'label': 'HL'}",0.09027777777777778,0.15625,5004.0,308.25,314.69444444444446,5004,wait_right_shoulder_entry,False
"('inverse_head_shoulders', 4954, 4962, 4978, 5013, 5016)",inverse_head_shoulders,inverse_head_shoulders_right_shoulder_entry,rising,"{'idx': 4962, 'confirm_idx': 4964, 'price': 307.25, 'kind': 'high', 'label': 'LH'}","{'idx': 5013, 'confirm_idx': 5015, 'price': 312.0, 'kind': 'high', 'label': 'HH'}","{'idx': 4978, 'confirm_idx': 4980, 'price': 304.5, 'kind': 'low', 'label': 'LL'}","{'idx': 5016, 'confirm_idx': 5018, 'price': 310.75, 'kind': 'low', 'label': 'HL'}",0.09313725490196079,0.16447368421052633,5018.0,310.75,316.2401960784314,5018,wait_right_shoulder_entry,False
"('inverse_head_shoulders', 5124, 5127, 5138, 5148, 5150)",inverse_head_shoulders,inverse_head_shoulders_right_shoulder_entry,rising,"{'idx': 5127, 'confirm_idx': 5129, 'price': 313.25, 'kind': 'high', 'label': 'LH'}","{'idx': 5148, 'confirm_idx': 5150, 'price': 314.75, 'kind': 'high', 'label': 'HH'}","{'idx': 5138, 'confirm_idx': 5140, 'price': 311.75, 'kind': 'low', 'label': 'LL'}","{'idx': 5150, 'confirm_idx': 5152, 'price': 312.75, 'kind': 'low', 'label': 'HL'}",0.07142857142857142,0.08333333333333333,5152.0,312.75,317.0357142857143,5152,wait_right_shoulder_entry,False
"('inverse_head_shoulders', 5124, 5127, 5138, 5159, 5165)",inverse_head_shoulders,inverse_head_shoulders_right_shoulder_entry,rising,"{'idx': 5127, 'confirm_idx': 5129, 'price': 313.25, 'kind': 'high', 'label': 'LH'}","{'idx': 5159, 'confirm_idx': 5161, 'price': 317.75, 'kind': 'high', 'label': 'HH'}","{'idx': 5138, 'confirm_idx': 5140, 'price': 311.75, 'kind': 'low', 'label': 'LL'}","{'idx': 5165, 'confirm_idx': 5167, 'price': 313.0, 'kind': 'low', 'label': 'HL'}",0.140625,0.046296296296296294,5167.0,313.0,320.796875,5167,wait_right_shoulder_entry,False
