Model,EntryBarIdx,EntryDate,EntryPrice,ReturnForecastPct,ForecastScore,ReversalProbability,SignalThreshold,TargetPrice,StopPrice,RiskReward,OutcomeKnown,OutcomeLabel,HitBarIdx,HitDate,HitType,SwitchKind,SwitchTurnBarIdx,SwitchTurnDate,SwitchConfirmBarIdx,SwitchConfirmDate,BarsFromSwitchTurn,ShapeHint,TopDrivers
boosting,44,2026-05-07 13:35:00+03:00,311.5,0.5062472416723144,0.5658524170646674,0.5658524170646674,0.5296538834390211,312.4642857142857,310.9214285714286,1.6666666666666994,True,0.0,49.0,2026-05-07 14:00:00+03:00,target,,,,,,,ML Bullish Reversal,obv_slope_20=-2.476 z=-2.80 | atr_pct=0.1548 z=-0.51 | log_return_sum_40=-0.009585 z=-1.00 | hmm_state_prob_0=0.9999 z=1.00 | down_volume_share_20=0.5524 z=0.88 | up_volume_share_20=0.4476 z=-0.88
boosting,98,2026-05-08 10:00:00+03:00,308.0,1.673340214500759,0.9368170837909364,0.9368170837909364,0.5296538834390211,310.14285714285717,306.7142857142857,1.666666666666696,True,0.0,123.0,2026-05-08 12:05:00+03:00,target,,,,,,,ML Bullish Reversal,hmm_state_prob_1=1 z=90298.66 | rebound_from_low_80=0 z=-0.70 | obv_slope_20=4.755 z=5.40 | atr_pct=0.3479 z=1.43 | log_return_sum_2=-0.0169 z=-10.06 | range_pct_50=2.235 z=0.78
boosting,135,2026-05-08 13:05:00+03:00,309.0,1.0090401465723804,0.7879246018980307,0.7879246018980307,0.5296538834390211,310.10714285714283,308.3357142857143,1.666666666666638,True,0.0,139.0,2026-05-08 13:25:00+03:00,target,,,,,,,ML Double Bottom-like,obv_slope_20=5.138 z=5.83 | range_pct_80=2.65 z=0.77 | range_pct_50=2.66 z=1.21 | slope_pct_80=-0.02348 z=-1.46 | log_return_sum_80=-0.01206 z=-0.87 | log_return_sum_40=-0.01366 z=-1.46
boosting,265,2026-05-11 15:50:00+03:00,306.25,0.7247413240042146,0.6726414370304894,0.6726414370304894,0.5296538834390211,307.17857142857144,305.6928571428571,1.6666666666666328,True,1.0,266.0,2026-05-11 15:55:00+03:00,target,valley,265.0,2026-05-11 15:50:00+03:00,266.0,2026-05-11 15:55:00+03:00,0.0,ML Double Bottom-like,hmm_state_prob_1=0.5624 z=50782.57 | rebound_from_low_80=0 z=-0.70 | log_return_sum_80=-0.021 z=-1.62 | range_pct_80=2.268 z=0.44 | dist_to_high_atr_80=15.08 z=2.66 | range_pct_50=0.8918 z=-0.57
boosting,352,2026-05-12 15:00:00+03:00,308.5,0.8288082044941368,0.7184867621717108,0.7184867621717108,0.5296538834390211,309.35714285714283,307.98571428571427,1.6666666666665562,True,0.0,354.0,2026-05-12 15:10:00+03:00,stop,,,,,,,ML Double Bottom-like,range_pct_80=0.8922 z=-0.77 | range_pct_50=0.649 z=-0.81 | rebound_from_low_80=0.4068 z=-0.33 | atr_pct=0.1389 z=-0.67 | realized_vol_80=0.001016 z=-0.70 | hmm_state_prob_0=1 z=1.00
boosting,474,2026-05-13 17:05:00+03:00,305.25,0.5917661722800464,0.6090016704600532,0.6090016704600532,0.5296538834390211,306.32142857142856,304.60714285714283,1.6666666666665781,True,0.0,486.0,2026-05-14 10:00:00+03:00,target,,,,,,,ML Bullish Reversal,rebound_from_low_80=0 z=-0.70 | range_pct_80=1.303 z=-0.41 | log_return_sum_80=-0.0114 z=-0.82 | volatility_compression_20_80=1.332 z=0.78 | range_pct_50=1.059 z=-0.40 | realized_vol_80=0.001091 z=-0.60
boosting,587,2026-05-15 10:20:00+03:00,302.25,0.649605828121652,0.637289737980581,0.637289737980581,0.5296538834390211,303.75,301.35,1.6666666666667087,True,0.0,589.0,2026-05-15 10:30:00+03:00,stop,,,,,,,ML Bullish Reversal,hmm_state_prob_1=6.243e-05 z=5.62 | rebound_from_low_80=0 z=-0.70 | log_return_sum_80=-0.01559 z=-1.17 | volatility_compression_20_80=1.489 z=1.05 | log_return_sum_40=-0.01803 z=-1.96 | range_pct_50=1.878 z=0.42
boosting,691,2026-05-18 10:55:00+03:00,297.0,0.47397789617664365,0.5492694125684303,0.5492694125684303,0.5296538834390211,298.85714285714283,295.8857142857143,1.6666666666666667,True,0.0,698.0,2026-05-18 11:30:00+03:00,target,,,,,,,ML Double Bottom-like,rebound_from_low_80=0.1686 z=-0.54 | atr_pct=0.3127 z=1.07 | volatility_compression_20_80=1.585 z=1.22 | log_return_sum_80=-0.01088 z=-0.78 | obv_slope_20=-1.635 z=-1.84 | log_return_sum_40=-0.01005 z=-1.05
boosting,722,2026-05-18 13:30:00+03:00,296.75,0.7871973487168862,0.7006251054053716,0.7006251054053716,0.5296538834390211,297.7142857142857,296.1714285714286,1.6666666666666994,True,0.0,736.0,2026-05-18 14:40:00+03:00,target,,,,,,,ML Double Bottom-like,rebound_from_low_80=0.08432 z=-0.62 | log_return_sum_80=-0.01173 z=-0.85 | range_pct_80=1.423 z=-0.30 | slope_pct_80=-0.01618 z=-0.97 | atr_pct=0.1625 z=-0.43 | hmm_state_prob_0=1 z=1.00
boosting,776,2026-05-20 09:55:00+03:00,292.0,1.4123873107405331,0.8959290580538278,0.8959290580538278,0.5296538834390211,294.0357142857143,290.7785714285714,1.6666666666666357,True,1.0,781.0,2026-05-20 10:20:00+03:00,target,valley,776.0,2026-05-20 09:55:00+03:00,777.0,2026-05-20 10:00:00+03:00,0.0,ML Double Bottom-like,hmm_state_prob_1=1 z=90298.66 | range_pct_80=3.023 z=1.10 | rebound_from_low_80=0 z=-0.70 | range_pct_50=3.022 z=1.58 | atr_pct=0.3486 z=1.43 | log_return_sum_80=-0.0195 z=-1.49
boosting,965,2026-05-21 17:40:00+03:00,274.0,2.5051873600336214,0.9882201251155881,0.9882201251155881,0.5296538834390211,278.0357142857143,271.5785714285714,1.6666666666666587,True,0.0,967.0,2026-05-22 10:00:00+03:00,stop,,,,,,,ML Bullish Reversal,hmm_state_prob_1=1 z=90298.66 | range_pct_80=5.851 z=3.58 | atr_pct=0.7364 z=5.32 | range_pct_50=5.177 z=3.75 | log_return_sum_80=-0.04548 z=-3.65 | log_return_sum_40=-0.04548 z=-5.07
boosting,1020,2026-05-22 14:25:00+03:00,280.75,3.3885933483926984,0.9981113239020997,0.9981113239020997,0.5296538834390211,282.5,279.7,1.6666666666666485,True,0.0,1024.0,2026-05-22 14:45:00+03:00,target,,,,,,,ML Double Bottom-like,hmm_state_prob_1=1 z=90298.66 | rebound_from_low_80=3.407 z=2.39 | range_pct_80=5.243 z=3.04 | realized_vol_80=0.003838 z=3.08 | log_return_sum_80=-0.0194 z=-1.48 | atr_pct=0.3117 z=1.06
boosting,1057,2026-05-22 17:30:00+03:00,286.25,4.200997607724454,0.9996518540240895,0.9996518540240895,0.5296538834390211,288.7857142857143,284.72857142857146,1.6666666666666916,True,0.0,1059.0,2026-05-22 17:40:00+03:00,target,,,,,,,ML Double Bottom-like,hmm_state_prob_1=1 z=90298.65 | rebound_from_low_80=2.599 z=1.66 | range_pct_80=3.444 z=1.47 | atr_pct=0.4429 z=2.38 | range_pct_50=3.337 z=1.89 | slope_pct_80=0.04027 z=2.83
boosting,1106,2026-05-25 13:30:00+03:00,298.0,1.4073838783587245,0.8949530956379025,0.8949530956379025,0.5296538834390211,299.10714285714283,297.3357142857143,1.666666666666638,True,0.0,1113.0,2026-05-25 14:05:00+03:00,stop,,,,,,,ML Bullish Reversal,hmm_state_prob_3=1 z=1540.17 | rebound_from_low_80=5.487 z=4.27 | range_pct_80=6.142 z=3.83 | range_pct_50=5.222 z=3.79 | log_return_sum_80=0.049 z=4.19 | realized_vol_80=0.004896 z=4.49
boosting,1166,2026-05-26 10:25:00+03:00,295.5,1.0446697283955224,0.8000634093447454,0.8000634093447454,0.5296538834390211,297.10714285714283,294.5357142857143,1.6666666666666274,True,0.0,1173.0,2026-05-26 11:00:00+03:00,target,,,,,,,ML Double Bottom-like,rebound_from_low_80=0 z=-0.70 | range_pct_80=1.343 z=-0.37 | hmm_state_prob_1=1.699e-05 z=1.52 | volatility_compression_20_80=1.453 z=0.99 | atr_pct=0.2719 z=0.66 | bollinger_z_80=-4.272 z=-2.17
boosting,1282,2026-06-01 17:25:00+03:00,292.0,1.6289385195959483,0.9311152485908605,0.9311152485908605,0.5296538834390211,294.35714285714283,290.5857142857143,1.6666666666666532,True,0.0,1289.0,2026-06-02 09:55:00+03:00,target,,,,,,,ML Double Bottom-like,hmm_state_prob_1=0.9998 z=90284.50 | atr_pct=0.4036 z=1.98 | range_pct_80=2.864 z=0.96 | log_return_sum_80=-0.02202 z=-1.70 | range_pct_50=2.448 z=1.00 | rebound_from_low_80=0.3436 z=-0.39
boosting,1326,2026-06-02 13:00:00+03:00,296.5,0.9962631165295525,0.7834424122538358,0.7834424122538358,0.5296538834390211,297.39285714285717,295.9642857142857,1.6666666666667374,True,0.0,1337.0,2026-06-02 13:55:00+03:00,target,,,,,,,ML Double Bottom-like,hmm_state_prob_3=1 z=1540.17 | rebound_from_low_80=1.89 z=1.02 | range_pct_80=2.536 z=0.67 | range_pct_50=2.454 z=1.00 | volatility_compression_20_80=0.2917 z=-1.03 | rebound_from_low_50=1.803 z=1.52
boosting,1395,2026-06-03 10:40:00+03:00,297.5,0.7813120667364176,0.6980469902284528,0.6980469902284528,0.5296538834390211,299.4642857142857,296.32142857142856,1.6666666666666505,True,0.0,1412.0,2026-06-03 12:05:00+03:00,target,,,,,,,ML Double Bottom-like,obv_slope_20=7.451 z=8.46 | hmm_state_prob_1=4.556e-05 z=4.10 | atr_pct=0.3301 z=1.25 | volatility_compression_20_80=1.655 z=1.34 | rebound_from_low_80=0.4219 z=-0.31 | range_pct_80=1.342 z=-0.38
boosting,1530,2026-06-04 13:50:00+03:00,297.25,0.4675248321539567,0.545938836071339,0.545938836071339,0.5296538834390211,298.14285714285717,296.7142857142857,1.6666666666667374,True,0.0,1533.0,2026-06-04 14:05:00+03:00,stop,,,,,,,ML Double Bottom-like,rebound_from_low_80=0.253 z=-0.47 | obv_slope_20=3.253 z=3.70 | atr_pct=0.1502 z=-0.56 | log_return_sum_80=-0.008375 z=-0.57 | log_return_sum_40=-0.01087 z=-1.14 | dist_to_high_atr_80=9.52 z=1.28
boosting,1654,2026-06-05 16:05:00+03:00,295.5,0.7082479443673058,0.6650306808128824,0.6650306808128824,0.5296538834390211,296.5,294.9,1.6666666666666035,True,0.0,1656.0,2026-06-05 16:15:00+03:00,target,,,,,,,ML Bullish Reversal,rebound_from_low_80=0.08467 z=-0.62 | obv_slope_20=-3.133 z=-3.54 | range_pct_50=1.008 z=-0.45 | log_return_sum_80=-0.0101 z=-0.71 | hmm_state_prob_1=9.634e-06 z=0.85 | bollinger_z_80=-3.389 z=-1.70
boosting,1711,2026-06-08 12:45:00+03:00,294.5,1.2707296040819462,0.8650240539621802,0.8650240539621802,0.5296538834390211,295.85714285714283,293.6857142857143,1.6666666666666898,True,0.0,1728.0,2026-06-08 14:10:00+03:00,target,,,,,,,ML Double Bottom-like,obv_slope_20=-9.134 z=-10.34 | log_return_sum_80=-0.01181 z=-0.85 | range_pct_50=1.858 z=0.40 | down_volume_share_20=0.6804 z=1.54 | up_volume_share_20=0.3196 z=-1.54 | volatility_compression_20_80=0.6376 z=-0.43
boosting,1946,2026-06-10 16:10:00+03:00,294.5,0.9495041333895365,0.7664590855859408,0.7664590855859408,0.5296538834390211,295.7857142857143,293.72857142857146,1.6666666666667158,True,0.0,1951.0,2026-06-10 16:35:00+03:00,target,,,,,,,ML Double Bottom-like,rebound_from_low_80=0.4263 z=-0.31 | obv_slope_20=2.641 z=3.00 | log_return_sum_80=-0.009295 z=-0.65 | log_return_sum_40=-0.009295 z=-0.96 | range_pct_50=1.689 z=0.23 | slope_pct_80=-0.009311 z=-0.51
boosting,2048,2026-06-11 16:35:00+03:00,292.75,5.797338607681409,0.9999874820598186,0.9999874820598186,0.5296538834390211,294.39285714285717,291.76428571428573,1.6666666666667243,True,0.0,2065.0,2026-06-12 09:55:00+03:00,target,,,,,,,ML Bullish Reversal,obv_slope_20=-7.832 z=-8.87 | rebound_from_low_80=0.4288 z=-0.31 | volatility_compression_20_80=1.608 z=1.26 | atr_pct=0.2806 z=0.75 | log_return_sum_80=-0.01104 z=-0.79 | range_pct_50=1.864 z=0.41
boosting,2150,2026-06-12 17:00:00+03:00,304.25,7.733274485386027,0.9999997782327473,0.9999997782327473,0.5296538834390211,307.0357142857143,302.5785714285714,1.6666666666666554,True,0.0,2160.0,2026-06-12 17:50:00+03:00,target,,,,,,,ML Double Bottom-like,hmm_state_prob_1=1 z=90298.66 | atr_pct=0.4578 z=2.53 | range_pct_80=3.245 z=1.29 | range_pct_50=2.349 z=0.90 | realized_vol_80=0.002613 z=1.44 | rebound_from_low_80=1.08 z=0.28
boosting,2260,2026-06-16 10:00:00+03:00,324.5,1.10593110261037,0.8197008166150069,0.8197008166150069,0.5296538834390211,326.0,323.6,1.6666666666667087,True,0.0,2261.0,2026-06-16 10:05:00+03:00,stop,,,,,,,ML Bullish Reversal,hmm_state_prob_1=0.00019 z=17.14 | rebound_from_low_80=0.2317 z=-0.49 | range_pct_80=1.376 z=-0.34 | bollinger_z_80=-5.234 z=-2.69 | log_return_sum_80=-0.009966 z=-0.70 | bollinger_z_50=-4.487 z=-2.36
boosting,2320,2026-06-16 15:00:00+03:00,323.5,1.118841640811057,0.8236419276347047,0.8236419276347047,0.5296538834390211,325.2857142857143,322.42857142857144,1.6666666666666843,True,0.0,2326.0,2026-06-16 15:30:00+03:00,target,,,,,,,ML Bullish Reversal,rebound_from_low_80=0.2324 z=-0.49 | atr_pct=0.276 z=0.70 | range_pct_50=1.915 z=0.46 | log_return_sum_80=-0.009996 z=-0.70 | log_return_sum_40=-0.009996 z=-1.04 | bollinger_z_80=-2.669 z=-1.32
boosting,2415,2026-06-17 14:50:00+03:00,323.75,0.7007690564677432,0.6615508118837344,0.6615508118837344,0.5296538834390211,325.25,322.85,1.6666666666667087,True,0.0,2441.0,2026-06-17 17:00:00+03:00,stop,,,,,,,ML Bullish Reversal,rebound_from_low_80=0.07728 z=-0.63 | range_pct_80=1.457 z=-0.27 | range_pct_50=1.075 z=-0.38 | volatility_compression_20_80=1.224 z=0.59 | log_return_sum_80=-0.007692 z=-0.51 | bollinger_z_80=-2.748 z=-1.36
boosting,2452,2026-06-17 17:55:00+03:00,321.5,1.223959058102927,0.8532371641761005,0.8532371641761005,0.5296538834390211,323.17857142857144,320.49285714285713,1.6666666666666667,True,0.0,2453.0,2026-06-18 09:55:00+03:00,target,,,,,,,ML Bullish Reversal,hmm_state_prob_1=0.003864 z=348.86 | rebound_from_low_80=0.1558 z=-0.56 | log_return_sum_80=-0.01543 z=-1.15 | atr_pct=0.2611 z=0.55 | range_pct_50=1.852 z=0.40 | slope_pct_80=-0.01399 z=-0.82
boosting,2504,2026-06-18 14:10:00+03:00,325.25,0.9549863961497103,0.7684973341111316,0.7684973341111316,0.5296538834390211,326.2142857142857,324.6714285714286,1.6666666666666994,True,0.0,2521.0,2026-06-18 15:35:00+03:00,target,,,,,,,ML Double Bottom-like,hmm_state_prob_3=0.05082 z=78.27 | rebound_from_low_80=1.324 z=0.50 | range_pct_80=2.153 z=0.34 | atr_pct=0.1482 z=-0.58 | range_pct_50=1.073 z=-0.39 | volatility_compression_20_80=0.5129 z=-0.65
boosting,2550,2026-06-19 09:55:00+03:00,324.0,0.7371509146586792,0.6783087385961905,0.6783087385961905,0.5296538834390211,325.9642857142857,322.82142857142856,1.6666666666666505,True,0.0,2552.0,2026-06-19 10:05:00+03:00,target,,,,,,,ML Double Bottom-like,hmm_state_prob_1=1 z=90298.66 | rebound_from_low_80=0 z=-0.70 | volatility_compression_20_80=1.681 z=1.39 | atr_pct=0.3031 z=0.98 | log_return_sum_2=-0.01607 z=-9.57 | realized_vol_10=0.004748 z=3.84
boosting,2583,2026-06-19 12:40:00+03:00,326.25,0.9032193188781533,0.7487571868580345,0.7487571868580345,0.5296538834390211,327.39285714285717,325.5642857142857,1.666666666666639,True,0.0,2594.0,2026-06-19 13:35:00+03:00,target,,,,,,,ML Double Bottom-like,realized_vol_80=0.002464 z=1.24 | hmm_state_prob_3=0.0007266 z=1.12 | range_pct_50=1.832 z=0.38 | volatility_compression_20_80=0.5524 z=-0.58 | log_return_sum_80=0.004608 z=0.51 | log_return_sum_40=-0.009153 z=-0.95
boosting,2759,2026-06-23 11:10:00+03:00,322.5,1.5669160571903615,0.9223513085466276,0.9223513085466276,0.5296538834390211,323.7142857142857,321.77142857142854,1.6666666666666146,True,0.0,2764.0,2026-06-23 11:35:00+03:00,target,,,,,,,ML Double Bottom-like,rebound_from_low_80=0.311 z=-0.42 | log_return_sum_80=-0.01386 z=-1.02 | slope_pct_80=-0.01717 z=-1.04 | volatility_compression_20_80=1.233 z=0.61 | realized_vol_80=0.001046 z=-0.66 | log_return_sum_40=-0.009259 z=-0.96
boosting,2811,2026-06-23 15:30:00+03:00,323.0,0.9143642099804342,0.7530998847643061,0.7530998847643061,0.5296538834390211,324.17857142857144,322.29285714285714,1.6666666666666934,True,0.0,2817.0,2026-06-23 16:00:00+03:00,target,,,,,,,ML Double Bottom-like,rebound_from_low_80=0.4666 z=-0.27 | log_return_sum_80=-0.008478 z=-0.58 | break_above_prior_high_atr_13=-5.515 z=-2.51 | hmm_state_prob_0=0.9973 z=1.00 | slope_pct_80=0.007725 z=0.64 | log_return_sum_40=-0.00771 z=-0.78
boosting,2905,2026-06-24 15:15:00+03:00,324.5,2.590566825583155,0.9901207598071631,0.9901207598071631,0.5296538834390211,325.2857142857143,324.0285714285714,1.6666666666665864,True,0.0,2907.0,2026-06-24 15:25:00+03:00,stop,,,,,,,ML Double Bottom-like,rebound_from_low_80=0.2317 z=-0.49 | range_pct_50=0.385 z=-1.08 | atr_pct=0.1211 z=-0.85 | range_pct_80=1.385 z=-0.34 | dist_to_high_atr_80=9.545 z=1.28 | hmm_state_prob_0=1 z=1.00
boosting,2936,2026-06-24 17:50:00+03:00,324.75,1.5563894597756902,0.9207660060037216,0.9207660060037216,0.5296538834390211,326.0,324.0,1.6666666666666667,True,0.0,2938.0,2026-06-25 09:55:00+03:00,target,,,,,,,ML Double Bottom-like,range_pct_80=0.7702 z=-0.88 | range_pct_50=0.7703 z=-0.69 | rebound_from_low_80=0.464 z=-0.28 | volatility_compression_20_80=1.429 z=0.95 | hmm_state_prob_3=0.0007636 z=1.17 | realized_vol_80=0.001018 z=-0.70
boosting,2998,2026-06-25 14:55:00+03:00,328.75,0.6692097014816205,0.6466765907316112,0.6466765907316112,0.5296538834390211,330.0,328.0,1.6666666666666667,True,0.0,3005.0,2026-06-25 15:30:00+03:00,target,,,,,,,ML Double Bottom-like,rebound_from_low_80=1.466 z=0.63 | range_pct_80=2.809 z=0.91 | log_return_sum_80=0.01147 z=1.08 | slope_pct_80=0.01844 z=1.36 | log_return_sum_40=-0.009837 z=-1.03 | hmm_state_prob_0=1 z=1.00
boosting,3044,2026-06-26 10:40:00+03:00,329.25,0.6404316559749051,0.6328601708857347,0.6328601708857347,0.5296538834390211,331.42857142857144,327.9428571428571,1.666666666666652,True,0.0,3075.0,2026-06-26 13:15:00+03:00,target,,,,,,,ML Double Bottom-like,rebound_from_low_80=0.2283 z=-0.49 | atr_pct=0.3308 z=1.25 | range_pct_80=1.212 z=-0.49 | volatility_compression_20_80=1.522 z=1.11 | range_pct_50=1.061 z=-0.40 | log_return_sum_80=-0.00907 z=-0.63
boosting,3154,2026-06-29 11:45:00+03:00,325.5,0.6255094085050625,0.6256073708241255,0.6256073708241255,0.5296538834390211,327.07142857142856,324.5571428571429,1.6666666666666867,True,1.0,3158.0,2026-06-29 12:05:00+03:00,target,valley,3153.0,2026-06-29 11:40:00+03:00,3155.0,2026-06-29 11:50:00+03:00,1.0,ML Double Bottom-like,rebound_from_low_80=0.07686 z=-0.63 | hmm_state_prob_1=3.575e-05 z=3.21 | log_return_sum_80=-0.01676 z=-1.26 | range_pct_80=2.126 z=0.31 | slope_pct_80=-0.0194 z=-1.19 | drawdown_from_high_80=2.032 z=1.68
boosting,3209,2026-06-29 16:20:00+03:00,327.25,0.6965765307080003,0.659592360970072,0.659592360970072,0.5296538834390211,328.0357142857143,326.7785714285714,1.6666666666665864,True,0.0,3211.0,2026-06-29 16:30:00+03:00,target,,,,,,,ML Bullish Reversal,range_pct_50=0.6868 z=-0.78 | atr_pct=0.12 z=-0.86 | rebound_from_low_80=0.6149 z=-0.14 | log_return_sum_80=-0.00761 z=-0.51 | dist_to_high_atr_80=9.545 z=1.28 | hmm_state_prob_0=1 z=1.00
boosting,3297,2026-06-30 15:35:00+03:00,325.5,0.9706797261031229,0.7742629941782876,0.7742629941782876,0.5296538834390211,326.9642857142857,324.62142857142857,1.6666666666666667,True,0.0,3328.0,2026-07-01 10:05:00+03:00,stop,,,,,,,ML Bullish Reversal,rebound_from_low_80=0.463 z=-0.28 | log_return_sum_80=-0.008413 z=-0.57 | slope_pct_80=-0.01308 z=-0.76 | volatility_compression_20_80=1.166 z=0.49 | realized_vol_80=0.001244 z=-0.40 | atr_pct=0.2249 z=0.19
boosting,3329,2026-07-01 10:10:00+03:00,324.75,1.465343520020732,0.9057759621837316,0.9057759621837316,0.5296538834390211,326.39285714285717,323.76428571428573,1.6666666666667243,True,0.0,3331.0,2026-07-01 10:20:00+03:00,target,,,,,,,ML Double Bottom-like,rebound_from_low_80=0.5418 z=-0.21 | log_return_sum_80=-0.01072 z=-0.76 | atr_pct=0.2529 z=0.47 | volatility_compression_20_80=1.248 z=0.63 | realized_vol_80=0.001084 z=-0.61 | slope_pct_80=-0.009419 z=-0.51
boosting,3400,2026-07-01 16:05:00+03:00,328.0,1.8237823740500765,0.9530186253281208,0.9530186253281208,0.5296538834390211,329.25,327.25,1.6666666666666667,True,0.0,3403.0,2026-07-01 16:20:00+03:00,target,,,,,,,ML Double Bottom-like,hmm_state_prob_3=0.9999 z=1540.03 | rebound_from_low_80=1.548 z=0.71 | range_pct_80=2.583 z=0.71 | slope_pct_80=0.01485 z=1.12 | log_return_sum_80=0.006116 z=0.63 | volatility_compression_20_80=0.6234 z=-0.45
boosting,3604,2026-07-03 16:55:00+03:00,332.25,5.290197610072869,0.9999639931258727,0.9999639931258727,0.5296538834390211,333.25,331.65,1.6666666666666035,True,0.0,3606.0,2026-07-03 17:05:00+03:00,stop,,,,,,,ML Double Bottom-like,range_pct_80=1.128 z=-0.56 | range_pct_50=0.7526 z=-0.71 | rebound_from_low_80=0.4535 z=-0.29 | atr_pct=0.1505 z=-0.55 | realized_vol_80=0.001064 z=-0.64 | hmm_state_prob_0=1 z=1.00
boosting,3649,2026-07-06 12:35:00+03:00,347.0,0.47701278961592,0.550834285023794,0.550834285023794,0.5296538834390211,349.32142857142856,345.60714285714283,1.6666666666666259,True,0.0,3666.0,2026-07-06 14:00:00+03:00,target,,,,,,,ML Double Bottom-like,hmm_state_prob_3=1 z=1540.12 | rebound_from_low_80=4.913 z=3.75 | range_pct_80=5.912 z=3.63 | range_pct_50=5.631 z=4.20 | log_return_sum_80=0.04494 z=3.85 | slope_pct_80=0.07954 z=5.47
boosting,3686,2026-07-06 15:40:00+03:00,349.0,0.7837972082853644,0.6991371718627609,0.6991371718627609,0.5296538834390211,350.75,347.95,1.6666666666666485,True,0.0,3707.0,2026-07-06 17:25:00+03:00,target,,,,,,,ML Double Bottom-like,hmm_state_prob_3=0.9999 z=1540.06 | rebound_from_low_80=5.279 z=4.09 | range_pct_80=5.712 z=3.45 | log_return_sum_80=0.05069 z=4.33 | hmm_state_prob_1=7.017e-05 z=6.32 | slope_pct_80=0.04832 z=3.37
boosting,3723,2026-07-07 10:40:00+03:00,347.75,1.8226504850457306,0.9529129278268451,0.9529129278268451,0.5296538834390211,350.64285714285717,346.01428571428573,1.6666666666666994,True,0.0,3741.0,2026-07-07 12:10:00+03:00,stop,,,,,,,ML Double Bottom-like,hmm_state_prob_1=0.8749 z=79002.23 | atr_pct=0.4159 z=2.11 | volatility_compression_20_80=1.442 z=0.97 | realized_vol_10=0.003591 z=2.58 | realized_vol_80=0.002051 z=0.68 | range_pct_50=1.791 z=0.34
boosting,3838,2026-07-08 12:10:00+03:00,332.5,1.1174800770411992,0.8232295072250928,0.8232295072250928,0.5296538834390211,338.25,329.05,1.666666666666672,True,0.0,,,,,,,,,,ML Double Bottom-like,hmm_state_prob_1=1 z=90298.66 | range_pct_80=7.114 z=4.68 | atr_pct=0.8647 z=6.61 | range_pct_50=6.751 z=5.33 | log_return_sum_80=-0.06054 z=-4.90 | slope_pct_80=-0.07853 z=-5.16
boosting,3911,2026-07-09 10:10:00+03:00,332.75,1.61898451481653,0.9297731676459433,0.9297731676459433,0.5296538834390211,335.25,331.25,1.6666666666666667,True,0.0,3917.0,2026-07-09 10:40:00+03:00,target,,,,,,,ML Bullish Reversal,hmm_state_prob_1=0.9998 z=90283.64 | atr_pct=0.3757 z=1.70 | range_pct_50=2.169 z=0.72 | range_pct_80=2.169 z=0.35 | realized_vol_10=0.003793 z=2.80 | log_return_sum_80=-0.01121 z=-0.80
boosting,4019,2026-07-10 11:05:00+03:00,340.0,1.1504423210101673,0.8330022314460087,0.8330022314460087,0.5296538834390211,343.07142857142856,338.15714285714284,1.666666666666646,True,0.0,4039.0,2026-07-10 12:45:00+03:00,target,,,,,,,ML Double Bottom-like,hmm_state_prob_1=0.9896 z=89362.38 | rebound_from_low_80=2.026 z=1.14 | range_pct_80=3.26 z=1.31 | atr_pct=0.4517 z=2.47 | range_pct_50=2.955 z=1.51 | log_return_sum_80=0.01706 z=1.54
boosting,4106,2026-07-13 10:15:00+03:00,334.25,1.7844399600197627,0.9492093825465138,0.9492093825465138,0.5296538834390211,337.75,332.15,1.6666666666666485,True,0.0,4114.0,2026-07-13 10:55:00+03:00,target,,,,,,,ML Double Bottom-like,hmm_state_prob_1=1 z=90298.66 | atr_pct=0.5236 z=3.19 | range_pct_80=3.436 z=1.46 | range_pct_50=3.434 z=1.99 | rebound_from_low_80=0.1498 z=-0.56 | realized_vol_10=0.005894 z=5.09
boosting,4200,2026-07-14 10:00:00+03:00,327.5,1.9062729819987705,0.9601414238568682,0.9601414238568682,0.5296538834390211,329.85714285714283,326.0857142857143,1.6666666666666532,True,0.0,4202.0,2026-07-14 10:10:00+03:00,stop,,,,,,,ML Bullish Reversal,hmm_state_prob_1=1 z=90298.66 | range_pct_80=3.21 z=1.26 | rebound_from_low_80=0.07639 z=-0.63 | log_return_sum_80=-0.03082 z=-2.43 | range_pct_50=2.77 z=1.32 | atr_pct=0.3599 z=1.55
boosting,4366,2026-07-16 15:45:00+03:00,330.0,1.0479191709968927,0.8011441272668458,0.8011441272668458,0.5296538834390211,331.4642857142857,329.12142857142857,1.6666666666666667,True,0.0,4370.0,2026-07-16 16:05:00+03:00,stop,,,,,,,ML Double Bottom-like,hmm_state_prob_3=0.9998 z=1539.83 | rebound_from_low_80=1.773 z=0.91 | range_pct_80=2.653 z=0.77 | log_return_sum_80=0.01296 z=1.20 | slope_pct_80=0.02222 z=1.61 | dist_to_low_atr_80=7.854 z=0.89
boosting,4426,2026-07-17 12:40:00+03:00,328.25,0.972605903701586,0.7749636085701165,0.7749636085701165,0.5296538834390211,329.5357142857143,327.47857142857146,1.6666666666667158,True,0.0,4428.0,2026-07-17 12:50:00+03:00,target,,,,,,,ML Double Bottom-like,hmm_state_prob_1=0.0004936 z=44.56 | rebound_from_low_80=0 z=-0.70 | range_pct_80=1.211 z=-0.49 | log_return_sum_80=-0.009852 z=-0.69 | rebound_from_low_50=0 z=-0.76 | bollinger_z_50=-3.548 z=-1.85
boosting,4459,2026-07-17 15:25:00+03:00,327.0,1.2190309918105524,0.8519468179224401,0.8519468179224401,0.5296538834390211,328.14285714285717,326.3142857142857,1.666666666666639,True,0.0,4464.0,2026-07-17 15:50:00+03:00,target,,,,,,,ML Inverse H&S-like,hmm_state_prob_1=0.002768 z=249.89 | rebound_from_low_80=0 z=-0.70 | log_return_sum_80=-0.008375 z=-0.57 | bollinger_z_80=-3.615 z=-1.82 | dist_to_high_atr_80=9.188 z=1.19 | rebound_from_low_50=0 z=-0.76
boosting,4490,2026-07-20 09:55:00+03:00,328.75,3.2952945747659066,0.9977070290457196,0.9977070290457196,0.5296538834390211,329.9642857142857,328.02142857142854,1.6666666666666146,True,0.0,4491.0,2026-07-20 10:00:00+03:00,stop,,,,,,,ML Double Bottom-like,hmm_state_prob_1=6.843e-05 z=6.16 | range_pct_50=0.6855 z=-0.78 | range_pct_80=1.217 z=-0.48 | rebound_from_low_80=0.5352 z=-0.21 | log_volume=0 z=-9.76 | realized_vol_80=0.001138 z=-0.54
boosting,4526,2026-07-20 12:55:00+03:00,324.25,0.4514437270340187,0.5376217295718964,0.5376217295718964,0.5296538834390211,325.75,323.35,1.6666666666667087,True,0.0,4538.0,2026-07-20 13:55:00+03:00,target,,,,,,,ML Double Bottom-like,rebound_from_low_80=0.1544 z=-0.56 | log_return_sum_80=-0.0153 z=-1.14 | slope_pct_80=-0.01559 z=-0.93 | log_return_sum_40=-0.0115 z=-1.21 | down_volume_share_20=0.6428 z=1.35 | hmm_state_prob_0=0.9084 z=0.91
boosting,4622,2026-07-21 12:50:00+03:00,326.25,0.9640866042249209,0.7718531748487573,0.7718531748487573,0.5296538834390211,327.2857142857143,325.62857142857143,1.6666666666666667,True,0.0,4625.0,2026-07-21 13:05:00+03:00,stop,,,,,,,ML Bullish Reversal,atr_pct=0.1587 z=-0.47 | log_return_sum_80=0.005378 z=0.57 | volatility_compression_20_80=0.5372 z=-0.60 | realized_vol_80=0.002024 z=0.65 | hmm_state_prob_0=0.9996 z=1.00 | rebound_from_low_50=0.07669 z=-0.66
boosting,4678,2026-07-21 17:30:00+03:00,319.0,0.46551518626899047,0.54490075669496,0.54490075669496,0.5296538834390211,320.39285714285717,318.1642857142857,1.6666666666666894,True,0.0,4679.0,2026-07-21 17:35:00+03:00,stop,,,,,,,ML Double Bottom-like,hmm_state_prob_1=0.9994 z=90247.65 | range_pct_80=3.399 z=1.43 | log_return_sum_80=-0.02935 z=-2.31 | range_pct_50=2.723 z=1.28 | slope_pct_80=-0.0464 z=-3.00 | rebound_from_low_80=0.4724 z=-0.27
boosting,4741,2026-07-22 14:40:00+03:00,315.0,0.7094524123628948,0.6655894490443113,0.6655894490443113,0.5296538834390211,316.07142857142856,314.35714285714283,1.6666666666665781,True,0.0,4742.0,2026-07-22 14:45:00+03:00,target,,,,,,,ML Double Bottom-like,rebound_from_low_80=0.159 z=-0.55 | hmm_state_prob_1=2.162e-05 z=1.94 | log_return_sum_80=-0.01497 z=-1.12 | slope_pct_80=-0.02049 z=-1.26 | dist_to_high_atr_80=10.73 z=1.58 | atr_pct=0.1701 z=-0.36
boosting,4810,2026-07-23 12:20:00+03:00,313.25,0.8407274632422123,0.7234820957698203,0.7234820957698203,0.5296538834390211,314.64285714285717,312.4142857142857,1.6666666666666894,True,0.0,4816.0,2026-07-23 12:50:00+03:00,stop,,,,,,,ML Bullish Reversal,hmm_state_prob_1=0.0004792 z=43.26 | rebound_from_low_80=0.1599 z=-0.55 | range_pct_50=2.606 z=1.16 | range_pct_80=2.607 z=0.73 | log_return_sum_40=-0.01505 z=-1.62 | drawdown_from_high_80=2.414 z=2.24
boosting,4855,2026-07-23 16:05:00+03:00,313.25,0.5389876363519328,0.58252796976962,0.58252796976962,0.5296538834390211,314.5357142857143,312.47857142857146,1.6666666666667158,True,0.0,4878.0,2026-07-24 09:55:00+03:00,stop,,,,,,,ML Double Bottom-like,range_pct_80=3.413 z=1.44 | log_return_sum_80=-0.01426 z=-1.06 | range_pct_50=1.911 z=0.46 | dist_to_high_atr_80=12.06 z=1.91 | drawdown_from_high_80=2.414 z=2.24 | rebound_from_low_80=0.967 z=0.18
boosting,4992,2026-07-27 11:20:00+03:00,325.75,2.1302067388943997,0.9746248797967951,0.9746248797967951,0.5296538834390211,328.57142857142856,324.0571428571429,1.6666666666666778,True,0.0,5032.0,2026-07-27 14:40:00+03:00,stop,,,,,,,ML Bullish Reversal,hmm_state_prob_1=1 z=90298.52 | rebound_from_low_80=4.659 z=3.52 | range_pct_80=5.543 z=3.31 | range_pct_50=5.517 z=4.09 | log_return_sum_80=0.03515 z=3.04 | rebound_from_low_50=4.659 z=5.13
boosting,5026,2026-07-27 14:10:00+03:00,325.75,3.175878726002498,0.9970612328066261,0.9970612328066261,0.5296538834390211,326.75,325.15,1.6666666666666035,True,0.0,5028.0,2026-07-27 14:20:00+03:00,stop,,,,,,,ML Bullish Reversal,hmm_state_prob_3=1 z=1540.17 | rebound_from_low_80=4.659 z=3.52 | range_pct_80=5.447 z=3.22 | log_return_sum_80=0.04473 z=3.84 | slope_pct_80=0.07255 z=5.00 | realized_vol_80=0.003493 z=2.62
boosting,5115,2026-07-28 13:30:00+03:00,323.5,1.1216323384687115,0.8244848715685678,0.8244848715685678,0.5296538834390211,324.39285714285717,322.9642857142857,1.6666666666667374,True,0.0,5120.0,2026-07-28 13:55:00+03:00,stop,,,,,,,ML Double Bottom-like,hmm_state_prob_3=1 z=1540.17 | rebound_from_low_80=1.81 z=0.94 | range_pct_50=2.244 z=0.79 | range_pct_80=2.327 z=0.49 | atr_pct=0.138 z=-0.68 | volatility_compression_20_80=0.3603 z=-0.91
boosting,5169,2026-07-29 09:55:00+03:00,317.5,2.4671998901565138,0.9872623086421383,0.9872623086421383,0.5296538834390211,319.0357142857143,316.5785714285714,1.666666666666646,False,,,,,,,,,,,ML Inverse H&S-like,hmm_state_prob_1=0.09244 z=8346.85 | range_pct_80=2.568 z=0.70 | log_return_sum_80=-0.02181 z=-1.68 | rebound_from_low_80=0.3953 z=-0.34 | range_pct_50=2.189 z=0.74 | slope_pct_80=-0.02781 z=-1.75
