Model,StartBarIdx,EndBarIdx,PeakBarIdx,StartDate,EndDate,PeakDate,Bars,SupportLow,ResistanceHigh,BoxLow,BoxHigh,EntryBarIdx,EntryDate,EntryPrice,TargetPrice,StopPrice,RiskReward,ProbabilityMean,ProbabilityMax,ProbabilityConfidenceLow,ProbabilityConfidenceHigh,SignalThreshold,VolumeZMax,VolumeRatioMax,VolatilityExpansionMean,VolatilityCompressionMean,RangeCompressionMean,PriorDownContextRatio,IntervalScore,OutcomeKnown,OutcomeLabel,HitBarIdx,HitDate,HitType,ShapeHint,TopDrivers
boosting,98,124,101,2026-05-08 10:00:00+03:00,2026-05-08 12:10:00+03:00,2026-05-08 10:15:00+03:00,27,306.75,310.5,306.40578703703704,310.84421296296296,124,2026-05-08 12:10:00+03:00,310.25,312.21693121693124,309.0698412698413,1.6666666666666987,0.2594289260961662,0.9999268312947587,0.1735231375804323,0.3453347146119001,0.13242302368781572,1.8796333475121927,3.19068918979448,0.7929792558533514,1.4230693460012578,0.7673472641437235,0.25925925925925924,0.5526493223882816,True,1.0,123.0,2026-05-08 12:05:00+03:00,target,ML Bullish Reversal,hmm_state_prob_2=1 z=88454.68 | realized_vol_20=0.003391 z=2.24 | atr_pct=0.4 z=1.96 | slope_pct_20=-0.08684 z=-2.66 | realized_vol_40=0.002616 z=1.40 | rsi_14=29.3 z=-1.47
boosting,205,211,211,2026-05-11 10:50:00+03:00,2026-05-11 11:20:00+03:00,2026-05-11 11:20:00+03:00,7,308.0,309.5,307.7482142857143,309.7517857142857,211,2026-05-11 11:20:00+03:00,308.0,309.4387755102041,307.13673469387754,1.6666666666666667,0.14450367029353808,0.9997312315071111,0.0019596467593563094,0.2870476938277199,0.13242302368781572,0.4540360487934678,1.7387964538351017,0.6732543268536648,1.320462458344889,0.594864394231918,0.42857142857142855,0.5151609526117453,True,1.0,213.0,2026-05-11 11:30:00+03:00,target,ML Double Bottom-like,realized_vol_20=0.002201 z=0.94 | dist_to_high_atr_50=11.45 z=2.52 | hmm_state_prob_2=4.18e-05 z=3.68 | slope_pct_50=-0.03439 z=-1.57 | obv_slope_20=-2.35 z=-2.65 | dist_to_high_atr_20=5.091 z=1.67
boosting,247,273,247,2026-05-11 14:20:00+03:00,2026-05-11 16:30:00+03:00,2026-05-11 14:20:00+03:00,27,306.25,308.75,306.10370370370373,308.89629629629627,273,2026-05-11 16:30:00+03:00,308.5,309.33597883597884,307.9984126984127,1.6666666666667422,0.11194810492440012,0.9998178505067509,0.05039271911641033,0.1735034907323899,0.13242302368781572,2.074255304779288,5.920133802253744,0.9843735926608015,0.6326733809602758,0.24392043794923668,0.5555555555555556,0.576412318325584,True,1.0,260.0,2026-05-11 15:25:00+03:00,target,ML Double Bottom-like,atr_pct=0.116 z=-0.90 | realized_vol_20=0.0007248 z=-0.66 | range_pct_80=2.26 z=0.43 | realized_vol_40=0.0008567 z=-0.68 | hmm_state_prob_1=1 z=1.00 | slope_pct_80=-0.02103 z=-1.30
boosting,587,591,589,2026-05-15 10:20:00+03:00,2026-05-15 10:40:00+03:00,2026-05-15 10:30:00+03:00,5,300.75,303.0,300.46375,303.28625,591,2026-05-15 10:40:00+03:00,301.25,302.8857142857143,300.2685714285714,1.6666666666666667,0.05658774345639426,0.20445756819717648,0.019086735769151174,0.09408875114363735,0.13242302368781572,0.5744193644012748,2.2267510745684183,0.5843026812441804,1.489572089407185,0.7069238916086384,1.0,0.28396419673481976,True,0.0,599.0,2026-05-15 11:20:00+03:00,stop,ML Bullish Reversal,hmm_state_prob_2=0.0001229 z=10.85 | rsi_14=15.1 z=-2.52 | realized_vol_20=0.002011 z=0.74 | slope_pct_50=-0.03067 z=-1.39 | slope_pct_20=-0.08305 z=-2.54 | atr_pct=0.2727 z=0.67
boosting,604,668,607,2026-05-15 11:45:00+03:00,2026-05-15 17:05:00+03:00,2026-05-15 12:00:00+03:00,65,298.5,301.75,298.3421153846154,301.9078846153846,668,2026-05-15 17:05:00+03:00,299.75,300.6521978021978,299.20868131868133,1.6666666666667016,0.33936242124115823,0.9999429651105411,0.2803360637529718,0.39838877872934464,0.13242302368781572,1.7418798973217458,3.60438260686339,0.9729788273655399,0.6555066050284879,0.2471271387399295,0.6153846153846154,0.6407704782364027,True,1.0,628.0,2026-05-15 13:45:00+03:00,target,ML Double Bottom-like,slope_pct_50=-0.05631 z=-2.64 | dist_to_high_atr_50=13.52 z=3.16 | range_pct_80=2.868 z=0.97 | rsi_14=19.58 z=-2.18 | realized_vol_20=0.0008293 z=-0.55 | up_volume_share_20=0.3764 z=-1.25
boosting,776,803,779,2026-05-20 09:55:00+03:00,2026-05-20 12:10:00+03:00,2026-05-20 10:10:00+03:00,28,292.0,296.5,291.64486607142857,296.85513392857143,803,2026-05-20 12:10:00+03:00,295.25,297.27933673469386,294.0323979591837,1.6666666666666823,0.3580545711180129,0.9999104456091992,0.2660369409407463,0.45007220129527953,0.13242302368781572,0.49355955117339806,1.9089117592049862,0.8591913656155986,1.2287063622549972,0.6097948150294371,0.39285714285714285,0.5714618155602114,True,1.0,781.0,2026-05-20 10:20:00+03:00,target,ML Bullish Reversal,hmm_state_prob_2=1 z=88454.68 | realized_vol_20=0.00326 z=2.10 | atr_pct=0.3721 z=1.68 | slope_pct_20=-0.1185 z=-3.66 | range_pct_80=3.025 z=1.11 | realized_vol_40=0.002823 z=1.65
boosting,862,903,863,2026-05-20 17:05:00+03:00,2026-05-21 12:25:00+03:00,2026-05-20 17:10:00+03:00,42,286.0,300.25,285.5450892857143,300.7049107142857,903,2026-05-21 12:25:00+03:00,289.0,291.5994897959184,287.440306122449,1.6666666666666787,0.11929610280435761,0.9994049415832307,0.0699498830152687,0.16864232259344653,0.13242302368781572,2.6047952441359046,5.623996393692732,0.8362933964568819,1.4089646208392734,0.7923948618944775,0.5,0.5630574636932297,True,1.0,864.0,2026-05-20 17:15:00+03:00,target,ML Bullish Reversal,hmm_state_prob_2=0.183 z=16190.51 | atr_pct=0.3068 z=1.02 | slope_pct_50=-0.03195 z=-1.46 | rsi_14=27.81 z=-1.58 | realized_vol_20=0.001776 z=0.48 | realized_vol_2=0.00547 z=4.05
boosting,1270,1306,1277,2026-06-01 16:25:00+03:00,2026-06-02 11:20:00+03:00,2026-06-01 17:00:00+03:00,37,291.0,298.5,290.63513513513516,298.86486486486484,1306,2026-06-02 11:20:00+03:00,296.75,298.8349420849421,295.49903474903476,1.666666666666697,0.4877005784915206,0.9999636671735488,0.4046335927658304,0.5707675642172108,0.13242302368781572,1.6957406600220046,4.38634672123975,0.8209295649894802,1.4881760387833516,0.8298345342127811,0.5135135135135135,0.6495385592408868,True,1.0,1289.0,2026-06-02 09:55:00+03:00,target,ML Bullish Reversal,hmm_state_prob_2=1 z=88454.67 | atr_pct=0.4281 z=2.24 | realized_vol_20=0.003108 z=1.93 | slope_pct_20=-0.1377 z=-4.26 | range_pct_80=2.86 z=0.96 | slope_pct_50=-0.03266 z=-1.49
boosting,2149,2174,2149,2026-06-12 16:55:00+03:00,2026-06-15 10:55:00+03:00,2026-06-12 16:55:00+03:00,26,303.25,329.5,302.4317307692308,330.3182692307692,2174,2026-06-15 10:55:00+03:00,326.5,331.1758241758242,323.6945054945055,1.6666666666666734,0.2671555762670051,0.9999331272477094,0.17915368142234153,0.3551574711116686,0.13242302368781572,0.9649253873181407,5.52333959133198,0.8869987585060867,1.6478880842044634,0.8604958622737094,0.2692307692307692,0.5389804437035282,True,1.0,2159.0,2026-06-12 17:45:00+03:00,target,ML Double Bottom-like,hmm_state_prob_2=1 z=88454.68 | atr_pct=0.4472 z=2.43 | realized_vol_20=0.003227 z=2.06 | range_pct_80=3.245 z=1.30 | slope_pct_20=-0.1027 z=-3.16 | realized_vol_2=0.006386 z=4.90
boosting,2660,2709,2664,2026-06-22 11:00:00+03:00,2026-06-22 15:05:00+03:00,2026-06-22 11:20:00+03:00,50,325.5,328.0,325.320125,328.179875,2709,2026-06-22 15:05:00+03:00,326.0,327.02785714285716,325.3832857142857,1.6666666666666667,0.2405714465154699,0.9998784684936994,0.1796236731227983,0.3015192199081415,0.13242302368781572,1.764807917462284,3.0082058815686445,0.8749325617047566,0.46772737996213415,0.29767644357680484,0.54,0.610547628261012,True,1.0,2670.0,2026-06-22 11:50:00+03:00,target,ML Double Bottom-like,dist_to_high_atr_50=13.12 z=3.04 | realized_vol_20=0.001864 z=0.58 | slope_pct_50=-0.02028 z=-0.89 | range_pct_80=2.366 z=0.53 | dist_to_high_atr_20=5.688 z=1.99 | rsi_14=37.35 z=-0.87
boosting,3149,3172,3154,2026-06-29 11:20:00+03:00,2026-06-29 13:15:00+03:00,2026-06-29 11:45:00+03:00,24,325.25,328.0,324.9859375,328.2640625,3172,2026-06-29 13:15:00+03:00,327.75,329.25892857142856,326.84464285714284,1.6666666666666248,0.08336267160829815,0.9996566053175976,0.025758298140703705,0.14096704507589258,0.13242302368781572,1.756910424392509,2.90234461403688,0.7242329710977576,0.9414008631674989,0.5018917700414139,0.08333333333333333,0.4806376555172157,True,1.0,3158.0,2026-06-29 12:05:00+03:00,target,ML Double Bottom-like,hmm_state_prob_2=3.838e-05 z=3.38 | slope_pct_50=-0.02155 z=-0.95 | dist_to_high_atr_50=7 z=1.12 | rsi_14=31.68 z=-1.29 | atr_pct=0.2414 z=0.36 | up_volume_share_20=0.4703 z=-0.76
boosting,3811,3844,3816,2026-07-08 09:55:00+03:00,2026-07-08 12:40:00+03:00,2026-07-08 10:20:00+03:00,34,330.75,347.75,330.04908088235294,348.45091911764706,3844,2026-07-08 12:40:00+03:00,334.0,338.0052521008403,331.5968487394958,1.666666666666651,0.35310669151921487,0.9998510425714132,0.27104792258370947,0.43516546045472027,0.13242302368781572,0.8390433460884996,5.234599790335944,0.8989360794544823,1.4307229967671384,0.6798281886904205,0.8823529411764706,0.6517943123191966,True,1.0,3821.0,2026-07-08 10:45:00+03:00,target,ML Double Bottom-like,hmm_state_prob_2=1 z=88454.68 | atr_pct=0.4076 z=2.03 | range_pct_80=4.205 z=2.15 | realized_vol_20=0.002795 z=1.59 | slope_pct_50=-0.06789 z=-3.20 | slope_pct_20=-0.1505 z=-4.66
boosting,3904,3910,3910,2026-07-08 17:40:00+03:00,2026-07-09 10:05:00+03:00,2026-07-09 10:05:00+03:00,7,330.5,334.5,330.1723214285714,334.8276785714286,3910,2026-07-09 10:05:00+03:00,331.5,333.3724489795918,330.3765306122449,1.666666666666633,0.05230433828949858,0.3132682365558225,0.008180894982827626,0.09642778159616952,0.13242302368781572,0.7727885460968041,4.225678705942046,1.7238813536156603,0.663757621850056,0.4235781637602747,0.7142857142857143,0.3359109170059985,True,1.0,3914.0,2026-07-09 10:25:00+03:00,target,ML Bullish Reversal,hmm_state_prob_2=0.9999 z=88441.86 | realized_vol_20=0.00253 z=1.30 | atr_pct=0.3501 z=1.46 | up_volume_share_20=0.1241 z=-2.55 | slope_pct_50=-0.03016 z=-1.37 | range_pct_80=2.467 z=0.62
boosting,4102,4145,4126,2026-07-13 09:55:00+03:00,2026-07-13 13:30:00+03:00,2026-07-13 11:55:00+03:00,44,333.75,340.0,333.35795454545456,340.39204545454544,4145,2026-07-13 13:30:00+03:00,336.25,338.4902597402597,334.90584415584414,1.6666666666666243,0.14154167998330958,0.9867173872475697,0.09612482773462362,0.18695853223199554,0.13242302368781572,1.147298487163369,4.085705045944315,0.8674483208206109,1.155562063815344,0.5942438423963431,0.36363636363636365,0.5205265903970193,True,1.0,4129.0,2026-07-13 12:10:00+03:00,target,ML Double Bottom-like,hmm_state_prob_2=0.02625 z=2321.67 | slope_pct_50=-0.05661 z=-2.65 | range_pct_80=3.448 z=1.48 | realized_vol_40=0.003412 z=2.34 | dist_to_high_atr_50=11.71 z=2.60 | realized_vol_20=0.001893 z=0.61
boosting,4155,4187,4164,2026-07-13 14:20:00+03:00,2026-07-13 17:00:00+03:00,2026-07-13 15:05:00+03:00,33,333.0,335.5,332.7890151515152,335.7109848484848,4187,2026-07-13 17:00:00+03:00,334.75,335.9556277056277,334.0266233766234,1.6666666666666667,0.24149579064940946,0.8992665140235722,0.19449261289131883,0.2884989684075001,0.13242302368781572,1.991913427866356,3.6484598168870805,1.0408385387229415,0.4810128024039161,0.2665419983743299,0.7272727272727273,0.6070743046972225,True,1.0,4172.0,2026-07-13 15:45:00+03:00,target,ML Double Bottom-like,hmm_state_prob_2=1 z=88454.53 | range_pct_80=3.626 z=1.64 | up_volume_share_20=0.3357 z=-1.46 | dist_to_high_atr_50=8.061 z=1.45 | rsi_14=28.93 z=-1.49 | slope_pct_50=-0.02074 z=-0.91
boosting,4199,4240,4203,2026-07-14 09:55:00+03:00,2026-07-14 13:20:00+03:00,2026-07-14 10:15:00+03:00,42,321.5,330.5,321.09151785714283,330.90848214285717,4240,2026-07-14 13:20:00+03:00,324.75,327.0841836734694,323.3494897959184,1.6666666666666803,0.4782144165809672,0.9988866530485678,0.40532171973636866,0.5511071134255657,0.13242302368781572,0.986099710809083,3.8455809955151303,0.8869148584527108,1.2760362837772132,0.555601029919201,0.5952380952380952,0.645821620048523,True,0.0,4204.0,2026-07-14 10:20:00+03:00,stop,ML Bullish Reversal,hmm_state_prob_2=1 z=88454.68 | atr_pct=0.4385 z=2.35 | realized_vol_20=0.002923 z=1.73 | range_pct_80=3.663 z=1.67 | slope_pct_20=-0.1293 z=-3.99 | rsi_14=15.77 z=-2.47
boosting,4638,4702,4684,2026-07-21 14:10:00+03:00,2026-07-22 11:25:00+03:00,2026-07-22 09:55:00+03:00,65,314.5,325.0,314.1901923076923,325.3098076923077,4702,2026-07-22 11:25:00+03:00,317.75,319.52032967032966,316.68780219780217,1.6666666666666132,0.3228615317940435,0.9841312424075465,0.27896341409779907,0.3667596494902879,0.13242302368781572,1.7485307951696287,6.1189742743963675,0.9709304564976735,1.00398511619775,0.429222598044424,0.676923076923077,0.6267781002225112,True,0.0,4685.0,2026-07-22 10:00:00+03:00,stop,ML Double Bottom-like,hmm_state_prob_2=1 z=88454.68 | range_pct_80=3.407 z=1.45 | log_volume=0 z=-9.75 | dist_to_high_atr_50=12.49 z=2.84 | slope_pct_50=-0.03649 z=-1.68 | up_volume_share_20=0.3439 z=-1.42
boosting,4715,4741,4722,2026-07-22 12:30:00+03:00,2026-07-22 14:40:00+03:00,2026-07-22 13:05:00+03:00,27,314.5,317.0,314.287037037037,317.212962962963,4741,2026-07-22 14:40:00+03:00,315.0,316.21693121693124,314.26984126984127,1.6666666666666927,0.23805886760155806,0.9686883799074971,0.1707149657337959,0.3054027694693202,0.13242302368781572,1.9249353532299307,4.38340520113966,0.9647291646644971,0.7810178464135781,0.39344000631733594,0.4444444444444444,0.5733841030653387,True,1.0,4727.0,2026-07-22 13:30:00+03:00,target,ML Bullish Reversal,range_pct_80=2.748 z=0.86 | slope_pct_50=-0.02161 z=-0.95 | dist_to_high_atr_50=6.8 z=1.06 | up_volume_share_20=0.4497 z=-0.87 | rsi_14=34.1 z=-1.11 | slope_pct_20=-0.03935 z=-1.16
boosting,4800,4836,4817,2026-07-23 11:30:00+03:00,2026-07-23 14:30:00+03:00,2026-07-23 12:55:00+03:00,37,310.25,316.25,309.9653716216216,316.5346283783784,4836,2026-07-23 14:30:00+03:00,315.0,316.62644787644786,314.02413127413126,1.6666666666666279,0.4271785092331583,0.9933405513115067,0.3516657377076148,0.5026912807587018,0.13242302368781572,2.290260066120798,7.583899991021685,0.938472288146114,1.0019587069696385,0.5255263011110143,0.5135135135135135,0.6403199583452396,True,0.0,4818.0,2026-07-23 13:00:00+03:00,stop,ML Double Bottom-like,hmm_state_prob_2=0.02707 z=2394.06 | dist_to_high_atr_50=12.83 z=2.95 | slope_pct_50=-0.0447 z=-2.07 | range_pct_80=2.767 z=0.88 | up_volume_share_20=0.3224 z=-1.53 | rsi_14=33.93 z=-1.12
boosting,5054,5089,5067,2026-07-27 16:30:00+03:00,2026-07-28 11:20:00+03:00,2026-07-27 17:35:00+03:00,36,317.75,325.25,317.3666666666667,325.6333333333333,5089,2026-07-28 11:20:00+03:00,324.5,326.6904761904762,323.1857142857143,1.6666666666667098,0.2792895715110508,0.996859884411108,0.21609331216260225,0.3424858308594994,0.13242302368781572,1.5619009278531775,6.2881513867088294,1.0764197907088353,1.3110289251887641,0.6000705205927834,0.5277777777777778,0.597639337710215,True,1.0,5073.0,2026-07-28 10:00:00+03:00,target,ML Double Bottom-like,hmm_state_prob_2=0.04506 z=3985.88 | slope_pct_50=-0.05363 z=-2.51 | range_pct_80=3.011 z=1.10 | dist_to_high_atr_50=9.532 z=1.91 | atr_pct=0.2635 z=0.58 | realized_vol_20=0.001779 z=0.48
boosting,5153,5169,5153,2026-07-28 16:40:00+03:00,2026-07-28 18:00:00+03:00,2026-07-28 16:40:00+03:00,17,316.25,320.0,315.96507352941177,320.28492647058823,5169,2026-07-28 18:00:00+03:00,319.0,320.6281512605042,318.0231092436975,1.6666666666666667,0.15387375579819565,0.9731588130554509,0.07046843611901574,0.23727907547737556,0.13242302368781572,1.1016848867200237,1.848829098979905,0.847668667757425,0.9134085396735694,0.48746865708942055,0.17647058823529413,0.49088573740552377,False,,,,,ML Double Bottom-like,slope_pct_50=-0.03594 z=-1.65 | dist_to_high_atr_50=7.512 z=1.28 | hmm_state_prob_2=2.017e-05 z=1.76 | rsi_14=31.94 z=-1.27 | log_return_sum_3=-0.003135 z=-1.33 | range_pct_80=2.172 z=0.36
